employee_id,clock_in,clock_out,terminal
EMP-1020,2025-09-02 07:00,2025-09-02 15:41,SHOP-2
EMP-1030,2025-08-19 08:18,2025-08-19 17:50,SHOP-1
EMP-1001,2025-08-15 22:10,2025-08-16 06:40,SHOP-1
EMP-1019,2025-08-04 11:41,2025-08-04 17:41,GATE-A
EMP-1031,2025-08-08 22:23,2025-08-09 07:04,SHOP-1
EMP-1046,2025-08-27 08:15,2025-08-27 17:08,GATE-A
EMP-1008,2025-08-07 07:43,2025-08-07 16:40,ADMIN-1
EMP-1033,2025-08-05 12:12,2025-08-05 16:31,GATE-A
EMP-1036,2025-08-13 07:09,2025-08-13 15:26,SHOP-1
EMP-1037,2025-08-13 07:33,2025-08-13 14:51,SHOP-2
EMP-1031,2025-08-05 22:06,2025-08-06 07:36,SHOP-1
EMP-1036,2025-08-02 14:05,2025-08-02 09:40,SHOP-1
EMP-1041,2025-08-25 08:08,2025-08-25 16:34,ADMIN-1
EMP-1048,2025-08-13 08:12,2025-08-13 16:53,GATE-A
EMP-1019,2025-08-01 10:13,2025-08-01 14:18,SHOP-2
EMP-1015,2025-08-20 07:20,2025-08-20 15:26,SHOP-1
EMP-1003,2025-08-15 11:41,2025-08-15 16:58,SHOP-1
EMP-1044,2025-08-22 06:55,2025-08-22 16:02,GATE-B
EMP-1035,2025-08-25 07:13,2025-08-25 17:08,GATE-A
EMP-1023,2025-08-28 08:30,2025-08-28 13:30,GATE-B
EMP-1036,2025-07-30 07:22,2025-07-30 15:07,SHOP-1
EMP-1011,2025-08-08 08:23,2025-08-08 13:14,SHOP-2
EMP-1043,2025-09-02 07:45,2025-09-02 16:59,SHOP-1
EMP-1009,2025-08-29 06:07,2025-08-29 09:22,GATE-A
EMP-1028,2025-07-30 08:22,2025-07-30 17:22,SHOP-2
EMP-1030,2025-08-07 07:10,2025-08-07 15:06,SHOP-1
EMP-1010,2025-08-22 06:37,2025-08-22 16:42,SHOP-1
EMP-1009,2025-08-27 13:49,2025-08-27 18:01,GATE-B
EMP-1048,2025-07-30 06:49,2025-07-30 15:22,GATE-A
EMP-1032,2025-08-25 07:45,2025-08-25 16:01,GATE-A
EMP-1030,2025-08-08 08:01,2025-08-08 16:24,SHOP-1
EMP-1024,2025-08-06 05:55,2025-08-06 10:01,GATE-B
EMP-1015,2025-09-02 06:57,2025-09-02 15:25,SHOP-1
EMP-1043,2025-08-14 08:23,2025-08-14 16:44,SHOP-1
emp-1023 ,2025-09-02 12:06,2025-09-02 17:23,GATE-B
EMP-1029,2025-08-23 08:07,2025-08-23 17:15,ADMIN-1
EMP-1024,2025-08-14 14:19,2025-08-14 19:00,GATE-B
EMP-1038,2025-08-27 07:04,2025-08-27 15:36,GATE-B
EMP-1018,2025-08-19 07:59,2025-08-19 16:39,SHOP-1
EMP-1030,2025-09-02 07:37,2025-09-02 15:18,SHOP-1
EMP-1005,2025-08-15 22:10,2025-08-16 07:20,SHOP-2
EMP-1004,2025-07-30 06:40,2025-07-30 16:17,SHOP-1
EMP-1024,2025-08-01 13:48,2025-08-01 18:31,GATE-B
EMP-1003,2025-08-23 12:24,2025-08-23 18:24,SHOP-1
EMP-1024,2025-08-19 14:30,2025-08-19 18:47,GATE-B
EMP-1044,2025-08-14 08:25,2025-08-14 17:20,GATE-B
EMP-1021,2025-08-28 07:47,2025-08-28 16:31,SHOP-2
EMP-1009,2025-08-13 05:51,2025-08-13 09:48,GATE-B
EMP-1043,2025-08-25 06:47,2025-08-25 15:09,SHOP-1
EMP-1038,2025-08-07 06:54,2025-08-07 15:27,SHOP-1
EMP-1050,2025-09-02 07:00,2025-09-02 15:29,GATE-A
EMP-1038,2025-08-05 06:45,2025-08-05 14:34,GATE-B
EMP-1015,2025-08-04 07:50,,SHOP-1
 emp-1035,2025-08-19 08:17,2025-08-19 16:48,GATE-A
EMP-1003,2025-07-31 10:35,2025-07-31 16:35,SHOP-1
EMP-1018,2025-07-31 07:35,2025-07-31 17:01,SHOP-1
EMP-1028,2025-08-29 08:05,2025-08-29 16:44,SHOP-2
EMP-1029,2025-07-31 07:51,2025-07-31 16:17,GATE-B
EMP-1024,2025-08-21 13:50,2025-08-21 18:50,GATE-B
EMP-1043,2025-08-13 07:55,2025-08-13 16:02,SHOP-1
EMP-1040,2025-08-07 07:38,2025-08-07 16:18,SHOP-2
EMP-1028,2025-08-05 08:13,2025-08-05 17:56,SHOP-2
EMP-1020,2025-08-14 07:20,2025-08-14 16:20,SHOP-2
EMP-1037,2025-08-29 08:11,2025-08-29 16:47,SHOP-2
EMP-1013,2025-08-08 07:32,,ADMIN-1
EMP-1042,2025-08-21 08:21,2025-08-21 16:43,SHOP-1
EMP-1043,2025-08-06 06:48,2025-08-06 15:37,SHOP-1
EMP-1034,2025-08-08 07:12,2025-08-08 15:58,ADMIN-1
EMP-1024,2025-08-12 06:10,2025-08-12 09:38,GATE-B
EMP-1015,2025-08-01 08:04,2025-08-01 16:34,SHOP-1
EMP-1043,2025-08-04 07:16,2025-08-04 15:41,SHOP-1
EMP-1029,2025-08-20 07:37,2025-08-20 16:11,SHOP-2
EMP-1023,2025-08-07 09:40,2025-08-07 15:54,GATE-B
EMP-1046,2025-08-22 07:49,2025-08-22 16:17,GATE-A
EMP-1031,2025-08-12 22:16,2025-08-13 06:58,SHOP-2
EMP-1003,2025-08-22 11:03,2025-08-22 16:42,SHOP-1
EMP-1006,2025-07-30 06:49,2025-07-30 16:51,SHOP-1
 emp-1009,2025-08-05 14:28,2025-08-05 19:15,GATE-B
EMP-1036,2025-09-02 07:26,2025-09-02 15:52,SHOP-1
EMP-1026,2025-08-15 06:57,2025-08-15 15:41,GATE-B
EMP-1007,2025-08-29 06:55,2025-08-29 15:43,SHOP-1
EMP-1042,2025-08-04 07:28,2025-08-04 15:44,SHOP-1
EMP-1002,2025-07-30 08:16,2025-07-30 17:08,GATE-A
EMP-1041,2025-08-18 07:32,2025-08-18 15:54,ADMIN-1
EMP-1037,2025-08-01 07:39,2025-08-01 16:05,SHOP-2
EMP-1024,2025-08-22 05:54,2025-08-22 09:57,GATE-B
EMP-1017,2025-08-02 08:04,2025-08-02 20:34,SHOP-2
EMP-1011,2025-08-01 10:57,2025-08-01 16:57,SHOP-2
EMP-1026,2025-08-14 08:20,2025-08-14 17:11,SHOP-2
EMP-1017,2025-08-08 07:19,2025-08-08 16:32,SHOP-2
EMP-1041,2025-08-29 06:47,2025-08-29 15:06,ADMIN-1
EMP-1050,2025-08-06 06:51,2025-08-06 14:57,GATE-B
EMP-1043,2025-08-12 08:17,2025-08-12 16:55,SHOP-1
EMP-1022,2025-08-23 22:10,2025-08-24 07:39,SHOP-1
emp-1006 ,2025-08-12 06:50,2025-08-12 17:14,SHOP-1
EMP-1004,2025-08-19 06:10,2025-08-19 16:59,SHOP-1
EMP-1027,2025-08-19 07:05,2025-08-19 15:15,ADMIN-1
EMP-1013,2025-08-04 08:04,2025-08-04 17:57,ADMIN-1
EMP-1020,2025-08-29 07:27,2025-08-29 16:23,SHOP-2
EMP-1001,2025-08-27 21:35,2025-08-28 06:33,SHOP-1
EMP-1009,2025-08-20 13:57,2025-08-20 18:13,GATE-B
EMP-1032,2025-08-07 07:07,2025-08-07 16:56,GATE-A
EMP-1035,2025-09-02 08:01,2025-09-02 17:23,GATE-A
EMP-1047,2025-08-18 08:22,2025-08-18 18:03,ADMIN-1
EMP-1033,2025-08-18 09:32,2025-08-18 15:33,GATE-A
EMP-1046,2025-08-06 07:27,2025-08-06 16:27,SHOP-2
EMP-1028,2025-09-01 07:45,2025-09-01 16:09,SHOP-2
EMP-1049,2025-08-12 09:24,2025-08-12 13:30,SHOP-1
EMP-1040,2025-08-23 07:14,2025-08-23 15:00,SHOP-2
EMP-1023,2025-08-12 12:11,2025-08-12 18:11,GATE-B
EMP-1045,2025-08-11 07:02,2025-08-11 15:41,SHOP-1
EMP-1018,2025-08-21 06:55,2025-08-21 15:28,SHOP-1
EMP-1005,2025-09-01 22:26,2025-09-02 07:48,SHOP-1
EMP-1032,2025-08-19 07:14,2025-08-19 15:31,GATE-A
EMP-1050,2025-08-18 08:30,2025-08-18 17:12,SHOP-1
EMP-1045,2025-08-24 07:55,2025-08-24 15:48,SHOP-1
EMP-1022,2025-08-16 22:21,2025-08-17 07:30,SHOP-1
EMP-1036,2025-08-29 08:15,2025-08-29 16:52,SHOP-1
EMP-1015,2025-08-21 08:15,2025-08-21 16:06,SHOP-1
EMP-1003,2025-07-30 10:05,2025-07-30 14:33,SHOP-1
EMP-1001,2025-08-31 22:00,2025-09-01 06:30,SHOP-1
EMP-1005,2025-08-05 21:59,2025-08-06 07:22,SHOP-1
EMP-1020,2025-08-18 07:45,2025-08-18 17:34,SHOP-1
EMP-1019,2025-08-19 12:11,2025-08-19 16:50,ADMIN-1
EMP-1032,2025-08-24 07:22,2025-08-24 15:56,GATE-A
EMP-1003,2025-08-19 12:13,2025-08-19 16:40,SHOP-1
EMP-1019,2025-08-05 11:48,2025-08-05 16:08,SHOP-2
EMP-1024,2025-08-18 06:09,2025-08-18 09:50,GATE-B
EMP-1049,2025-08-31 10:53,2025-08-31 16:47,SHOP-2
EMP-1025,2025-08-20 08:25,2025-08-20 16:40,SHOP-1
EMP-1042,2025-08-14 07:45,2025-08-14 16:07,SHOP-1
EMP-1026,2025-08-01 06:53,2025-08-01 15:28,SHOP-2
EMP-1047,2025-08-28 06:48,2025-08-28 15:28,ADMIN-1
EMP-1032,2025-08-18 08:02,2025-08-18 17:55,GATE-A
EMP-1009,2025-08-25 05:51,2025-08-25 09:27,GATE-B
EMP-1029,2025-09-02 07:06,2025-09-02 16:19,GATE-B
EMP-1027,2025-08-04 07:42,2025-08-04 16:29,ADMIN-1
EMP-1010,2025-08-29 06:53,2025-08-29 17:10,SHOP-2
EMP-1007,2025-08-20 08:07,2025-08-20 15:54,SHOP-1
EMP-1001,2025-08-20 21:56,2025-08-21 07:22,SHOP-1
EMP-1002,2025-08-18 07:41,2025-08-18 15:58,GATE-A
EMP-1013,2025-08-28 07:35,2025-08-28 16:18,ADMIN-1
EMP-1043,2025-08-05 08:17,2025-08-05 16:49,ADMIN-1
EMP-1031,2025-08-22 22:23,2025-08-23 07:40,SHOP-1
EMP-1045,2025-08-01 08:06,2025-08-01 17:16,SHOP-1
EMP-1021,2025-08-18 07:32,2025-08-18 17:27,SHOP-2
EMP-1027,2025-08-12 07:04,2025-08-12 15:08,SHOP-1
EMP-1003,2025-08-05 09:57,2025-08-05 15:38,SHOP-1
EMP-1015,2025-08-18 06:51,2025-08-18 16:42,SHOP-1
EMP-1018,2025-08-16 06:45,2025-08-16 15:38,SHOP-1
EMP-1009,2025-08-26 05:55,2025-08-26 09:37,GATE-B
EMP-1029,2025-08-01 06:49,2025-08-01 15:48,GATE-B
EMP-1018,2025-08-18 08:05,2025-08-18 17:03,SHOP-1
EMP-1035,2025-07-30 08:21,2025-07-30 18:18,GATE-A
EMP-1027,2025-08-01 08:09,2025-08-01 16:39,ADMIN-1
EMP-1010,2025-08-19 06:30,2025-08-19 17:30,SHOP-2
EMP-1006,2025-08-20 06:31,2025-08-20 16:25,SHOP-1
EMP-1042,2025-07-31 06:54,2025-07-31 16:48,SHOP-1
EMP-1032,2025-08-27 07:22,2025-08-27 15:49,GATE-A
EMP-1014,2025-07-30 08:09,2025-07-30 13:46,GATE-B
EMP-1037,2025-08-20 08:15,2025-08-20 16:36,SHOP-2
EMP-1037,2025-07-30 07:00,2025-07-30 16:43,SHOP-2
EMP-1023,2025-08-18 09:42,2025-08-18 15:24,GATE-B
EMP-1020,2025-08-28 08:00,2025-08-28 16:03,SHOP-2
EMP-1010,2025-07-31 06:39,2025-07-31 17:33,SHOP-2
EMP-1041,2025-08-12 08:09,2025-08-12 17:05,ADMIN-1
EMP-1007,2025-08-05 08:08,2025-08-05 15:37,SHOP-1
EMP-1045,2025-08-12 08:30,2025-08-12 17:27,SHOP-1
EMP-0987,2025-08-04 07:23,2025-08-04 16:06,GATE-A
EMP-1031,2025-07-31 21:45,2025-08-01 06:38,SHOP-1
EMP-1018,2025-08-27 07:11,2025-08-27 16:03,SHOP-1
EMP-1027,2025-08-06 07:33,2025-08-06 15:53,SHOP-2
EMP-1005,2025-08-17 22:02,2025-08-18 07:08,SHOP-1
EMP-1020,2025-08-04 07:53,2025-08-04 16:50,SHOP-2
EMP-1024,2025-08-21 06:12,2025-08-21 09:30,GATE-B
EMP-1038,2025-07-31 07:00,2025-07-31 15:23,GATE-B
EMP-1037,2025-08-26 07:54,2025-08-26 16:29,SHOP-2
EMP-1040,2025-08-29 08:17,2025-08-29 17:27,SHOP-2
EMP-1043,2025-08-28 07:28,2025-08-28 15:50,SHOP-1
EMP-1015,2025-08-11 08:10,2025-08-11 17:06,SHOP-1
EMP-1015 ,2025-08-06 07:43,2025-08-06 16:22,SHOP-1
EMP-1035,2025-08-08 08:21,2025-08-08 16:49,GATE-A
EMP-1023,2025-08-21 09:40,2025-08-21 14:32,ADMIN-1
EMP-1033,2025-09-01 09:16,2025-09-01 14:29,GATE-A
EMP-1009,2025-08-10 06:03,2025-08-10 09:30,GATE-B
EMP-1009,2025-08-01 13:55,2025-08-01 19:25,GATE-B
EMP-1019,2025-08-13 09:48,2025-08-13 15:48,SHOP-2
EMP-1018,2025-08-14 07:45,2025-08-14 16:53,SHOP-1
EMP-1009,2025-08-18 06:11,2025-08-18 09:43,GATE-B
EMP-1024,2025-09-02 14:29,2025-09-02 19:07,GATE-B
EMP-1038,2025-08-26 08:16,2025-08-26 15:40,GATE-B
  EMP-1040 ,2025-08-28 08:30,2025-08-28 16:10,SHOP-2
EMP-1017,2025-09-02 07:15,2025-09-02 15:53,SHOP-2
EMP-1001,2025-08-08 21:52,2025-08-09 06:35,ADMIN-1
EMP-1018,2025-08-29 08:11,2025-08-29 16:42,SHOP-1
EMP-1028,2025-07-31 07:58,2025-07-31 16:46,SHOP-2
EMP-1002,2025-08-07 06:46,2025-08-07 16:25,GATE-A
EMP-1034,2025-09-02 07:34,2025-09-02 15:52,ADMIN-1
EMP-1046,2025-08-18 07:06,2025-08-18 15:53,GATE-A
EMP-1040,2025-08-27 06:45,2025-08-27 15:45,SHOP-2
EMP-1006,2025-08-21 06:41,2025-08-21 17:05,SHOP-1
EMP-1026,2025-08-25 07:48,2025-08-25 15:48,SHOP-2
EMP-1031,2025-08-19 21:46,2025-08-20 07:03,SHOP-1
EMP-1038,2025-08-15 06:58,2025-08-15 15:43,GATE-B
EMP-1032,2025-08-29 06:57,2025-08-29 15:18,SHOP-1
EMP-1018,2025-08-06 07:57,2025-08-06 16:18,SHOP-1
EMP-1027,2025-08-08 08:29,2025-08-08 17:27,ADMIN-1
EMP-1041,2025-08-04 06:54,2025-08-04 16:46,ADMIN-1
EMP-1050,2025-08-22 07:45,2025-08-22 15:55,SHOP-1
EMP-1033,2025-08-25 09:26,2025-08-25 15:35,SHOP-1
EMP-1030,2025-08-13 07:07,2025-08-13 15:42,SHOP-1
EMP-1050,2025-08-05 08:08,2025-08-05 16:54,SHOP-1
EMP-1027,2025-08-11 06:46,2025-08-11 15:36,ADMIN-1
EMP-1019,2025-08-07 11:49,2025-08-07 17:49,SHOP-1
EMP-1029,2025-08-07 07:25,2025-08-07 15:29,GATE-B
EMP-1001,2025-07-31 22:00,2025-08-01 06:30,SHOP-1
EMP-1025,2025-08-13 07:56,2025-08-13 17:19,ADMIN-1
EMP-1026,2025-08-07 07:13,2025-08-07 15:49,SHOP-2
EMP-1004,2025-08-04 06:50,2025-08-04 17:23,SHOP-1
EMP-1005,2025-07-31 22:20,2025-08-01 07:23,SHOP-1
EMP-1050,2025-07-30 07:45,,SHOP-1
EMP-1007,2025-08-25 07:27,2025-08-25 15:43,SHOP-1
EMP-1006,2025-08-15 06:43,2025-08-15 16:17,SHOP-1
EMP-1025,2025-08-05 07:32,2025-08-05 16:30,SHOP-1
 emp-1044,2025-08-12 06:57,2025-08-12 14:25,SHOP-2
EMP-1034,2025-08-14 07:44,2025-08-14 15:01,ADMIN-1
EMP-1017,2025-08-27 07:13,2025-08-27 15:59,SHOP-2
EMP-1010,2025-08-10 06:31,2025-08-10 16:26,SHOP-2
EMP-1038,2025-08-08 06:59,2025-08-08 15:02,GATE-B
EMP-1009,2025-08-23 05:59,2025-08-23 09:38,GATE-B
EMP-1038,2025-08-13 08:25,2025-08-13 17:22,GATE-B
EMP-1007,2025-08-18 07:13,2025-08-18 15:01,SHOP-1
EMP-1031,2025-08-07 22:20,2025-08-08 07:49,SHOP-1
EMP-1001,2025-08-21 22:20,2025-08-22 06:54,SHOP-1
EMP-1036,2025-08-22 07:37,2025-08-22 15:56,SHOP-1
 EMP-1030,2025-08-18 07:11,2025-08-18 16:01,SHOP-1
EMP-1046,2025-08-25 08:08,2025-08-25 16:39,GATE-A
EMP-1029,2025-08-18 08:14,2025-08-18 16:31,GATE-A
EMP-1037,2025-08-21 08:20,2025-08-21 16:59,SHOP-2
EMP-1044,2025-08-25 08:19,2025-08-25 17:11,GATE-B
EMP-1029,2025-08-29 07:49,2025-08-29 16:20,GATE-B
EMP-1050,2025-08-21 08:03,2025-08-21 17:49,SHOP-1
EMP-1044,2025-07-31 08:30,2025-07-31 17:02,GATE-B
EMP-1037,2025-08-14 08:04,2025-08-14 16:39,SHOP-2
EMP-1024,2025-08-04 14:26,2025-08-04 19:51,SHOP-2
EMP-1027,2025-08-19 07:05,2025-08-19 15:15,ADMIN-1
EMP-1040,2025-08-12 07:22,2025-08-12 16:03,SHOP-2
EMP-1011,2025-08-18 10:24,2025-08-18 16:24,SHOP-2
EMP-1009,2025-08-08 06:01,2025-08-08 10:13,GATE-B
EMP-1010,2025-08-28 06:53,2025-08-28 16:41,GATE-A
EMP-1024,2025-08-05 13:57,2025-08-05 18:40,GATE-B
EMP-1031,2025-08-28 22:29,2025-08-29 07:31,SHOP-1
EMP-1033,2025-08-20 12:00,2025-08-20 18:00,GATE-A
EMP-1042,2025-07-30 07:08,2025-07-30 15:45,SHOP-1
EMP-1009,2025-08-27 05:54,2025-08-27 09:21,GATE-B
EMP-1008,2025-07-31 08:11,2025-07-31 16:53,ADMIN-1
EMP-1049,2025-08-18 10:51,2025-08-18 16:18,GATE-B
EMP-1049,2025-07-30 10:20,2025-07-30 16:29,SHOP-1
EMP-1007,2025-08-08 06:56,2025-08-08 15:47,SHOP-1
EMP-1022,2025-08-06 21:54,2025-08-07 06:28,SHOP-1
EMP-1049,2025-08-01 10:33,2025-08-01 16:45,SHOP-1
EMP-1008,2025-08-28 07:59,2025-08-28 17:06,ADMIN-1
EMP-1025,2025-08-07 06:46,2025-08-07 15:44,SHOP-1
EMP-1014,2025-08-05 09:36,2025-08-05 15:18,GATE-A
EMP-1030,2025-07-30 07:35,2025-07-30 15:09,SHOP-2
EMP-1024,2025-08-26 14:04,2025-08-26 19:20,GATE-B
EMP-1028 ,2025-09-02 07:41,2025-09-02 16:04,SHOP-2
EMP-1023,2025-08-22 10:45,2025-08-22 16:56,GATE-B
EMP-1020,2025-08-27 08:04,2025-08-27 17:57,SHOP-2
EMP-1035,2025-08-06 08:07,2025-08-06 16:29,GATE-A
EMP-1011,2025-08-14 09:48,2025-08-14 15:07,SHOP-2
EMP-1010,2025-08-20 06:36,2025-08-20 17:33,SHOP-2
EMP-1013,2025-07-31 07:54,2025-07-31 17:01,ADMIN-1
EMP-1004,2025-08-02 06:00,2025-08-02 15:39,GATE-B
EMP-1008,2025-08-16 07:14,2025-08-16 14:48,ADMIN-1
EMP-1008,2025-08-12 07:19,2025-08-12 15:49,ADMIN-1
EMP-1044,2025-08-21 07:40,2025-08-21 15:47,GATE-B
EMP-1001,2025-08-07 21:43,2025-08-08 07:09,SHOP-1
EMP-1024,2025-08-28 14:16,2025-08-28 18:41,ADMIN-1
EMP-1004,2025-08-11 06:50,2025-08-11 17:15,SHOP-1
EMP-1005,2025-08-11 22:08,2025-08-12 07:30,GATE-B
EMP-1046,2025-08-12 07:19,2025-08-12 15:45,GATE-A
EMP-0993,2025-08-13 06:49,2025-08-13 15:14,SHOP-1
EMP-1029,2025-08-25 08:12,2025-08-25 16:53,GATE-B
EMP-1023,2025-08-26 09:31,2025-08-26 14:23,GATE-A
EMP-1024,2025-08-29 14:17,2025-08-29 19:22,GATE-B
EMP-1013,2025-08-06 08:19,2025-08-06 17:43,ADMIN-1
EMP-1041,2025-07-31 07:00,2025-07-31 15:31,ADMIN-1
EMP-1025,2025-08-12 08:28,2025-08-12 17:05,SHOP-1
EMP-1041,2025-08-13 07:16,2025-08-13 15:47,ADMIN-1
EMP-1024,2025-08-07 14:15,2025-08-07 19:18,GATE-B
EMP-1046,2025-08-14 07:49,2025-08-14 17:20,GATE-A
 EMP-1029,2025-08-08 07:57,2025-08-08 16:54,GATE-B
EMP-1004,2025-08-12 06:41,2025-08-12 16:53,SHOP-1
EMP-1013,2025-08-22 08:06,2025-08-22 16:54,ADMIN-1
EMP-1049,2025-08-25 10:25,2025-08-25 15:02,SHOP-1
EMP-1046,2025-08-28 08:04,2025-08-28 17:01,GATE-A
EMP-1009,2025-08-01 06:01,2025-08-01 09:27,GATE-B
EMP-1030,2025-08-11 07:59,2025-08-11 16:34,SHOP-1
emp-1007 ,2025-08-14 07:49,2025-08-14 17:07,SHOP-1
EMP-1002,2025-08-13 08:02,2025-08-13 16:28,SHOP-1
EMP-1040,2025-08-13 07:59,2025-08-13 16:20,SHOP-2
 emp-1030,2025-08-21 07:49,2025-08-21 16:16,SHOP-1
EMP-1007,2025-08-06 06:48,2025-08-06 15:21,SHOP-1
EMP-1006,2025-08-13 06:36,2025-08-13 17:21,SHOP-1
EMP-1012,2025-08-01 08:00,,GATE-A
EMP-1001,2025-07-30 21:30,2025-07-31 06:02,SHOP-1
EMP-1047,2025-08-25 07:58,2025-08-25 15:37,ADMIN-1
EMP-1026,2025-08-05 08:11,2025-08-05 17:06,SHOP-2
EMP-1023,2025-08-11 10:16,2025-08-11 14:57,GATE-B
EMP-1009,2025-08-08 14:04,2025-08-08 19:41,GATE-B
EMP-1004,2025-08-22 06:44,2025-08-22 17:08,SHOP-1
EMP-1008,2025-08-14 08:25,2025-08-14 16:55,ADMIN-1
EMP-1046 ,2025-08-08 06:48,2025-08-08 15:13,GATE-A
EMP-0993,2025-08-11 07:01,2025-08-11 15:33,SHOP-2
EMP-1033,2025-08-11 09:19,2025-08-11 15:19,GATE-A
EMP-1036,2025-08-05 07:16,2025-08-05 16:07,SHOP-1
EMP-1019,2025-08-10 10:24,2025-08-10 15:12,SHOP-2
EMP-1028,2025-08-22 08:10,2025-08-22 17:04,SHOP-2
EMP-1047,2025-08-22 06:46,2025-08-22 15:36,ADMIN-1
EMP-1040,2025-08-25 06:47,2025-08-25 16:05,SHOP-2
EMP-1013,2025-08-26 07:42,2025-08-26 15:22,ADMIN-1
EMP-1044,2025-08-08 07:18,2025-08-08 16:16,GATE-B
EMP-1024,2025-08-08 14:03,2025-08-08 18:51,GATE-B
EMP-1009,2025-08-19 06:08,2025-08-19 09:29,GATE-B
EMP-1040,2025-08-08 07:46,2025-08-08 16:09,SHOP-2
EMP-1017,2025-08-06 07:35,2025-08-06 17:08,SHOP-2
EMP-1044,2025-08-23 08:24,2025-08-23 17:16,SHOP-2
EMP-1049,2025-07-31 12:17,2025-07-31 17:40,GATE-A
EMP-1006,2025-08-28 06:47,2025-08-28 16:19,SHOP-1
EMP-1025,2025-08-11 07:28,2025-08-11 15:51,SHOP-1
EMP-1001,2025-08-14 22:00,2025-08-15 06:45,SHOP-1
EMP-1044,2025-08-13 07:31,2025-08-13 16:15,GATE-B
EMP-1023,2025-08-01 10:33,2025-08-01 14:59,GATE-B
EMP-1009,2025-08-25 14:15,2025-08-25 19:29,GATE-B
EMP-1048,2025-08-08 07:20,2025-08-08 16:04,GATE-A
EMP-1050,2025-08-08 06:48,2025-08-08 15:22,SHOP-1
EMP-1010,2025-08-07 06:58,2025-08-07 16:40,SHOP-2
EMP-1031,2025-08-25 21:43,2025-08-26 06:28,SHOP-1
EMP-1048,2025-09-02 07:07,2025-09-02 14:30,GATE-A
EMP-1022,2025-08-13 21:47,2025-08-14 06:24,SHOP-1
EMP-1026,2025-08-26 08:09,2025-08-26 16:36,SHOP-2
EMP-1013,2025-08-25 07:28,2025-08-25 17:25,ADMIN-1
EMP-1014,2025-08-23 10:03,2025-08-23 14:32,ADMIN-1
EMP-1017,2025-08-13 07:56,2025-08-13 16:14,SHOP-2
EMP-1038,2025-08-21 07:08,2025-08-21 15:29,GATE-B
EMP-1044,2025-09-02 07:41,2025-09-02 16:10,GATE-B
EMP-1049,2025-08-07 11:34,2025-08-07 15:55,SHOP-1
EMP-1027,2025-07-31 08:18,2025-07-31 17:38,GATE-B
EMP-1018,2025-08-02 08:01,2025-08-02 20:31,SHOP-1
EMP-1007,2025-08-01 06:48,2025-08-01 15:33,SHOP-1
EMP-1021,2025-08-14 06:48,2025-08-14 16:47,SHOP-2
EMP-1026 ,2025-08-21 06:48,2025-08-21 16:25,SHOP-2
EMP-1024,2025-08-27 14:18,2025-08-27 19:41,GATE-B
EMP-1026,2025-08-06 08:05,2025-08-06 16:59,SHOP-2
EMP-1026,2025-08-13 07:37,2025-08-13 15:56,ADMIN-1
EMP-1025,2025-08-28 08:20,2025-08-28 17:11,GATE-A
EMP-1042,2025-08-29 07:49,2025-08-29 16:36,SHOP-1
EMP-1024,2025-07-30 05:52,2025-07-30 09:13,GATE-B
EMP-1002,2025-08-06 07:26,2025-08-06 16:06,GATE-A
EMP-1048,2025-08-14 06:52,2025-08-14 15:32,GATE-A
EMP-1031,2025-08-13 21:30,2025-08-14 06:05,SHOP-1
EMP-1024,2025-09-02 06:13,2025-09-02 09:46,SHOP-2
EMP-1028,2025-08-13 07:23,2025-08-13 17:16,SHOP-2
EMP-1015,2025-08-19 08:20,2025-08-19 16:52,SHOP-1
EMP-1019,2025-08-15 10:56,2025-08-15 16:56,GATE-B
EMP-1018 ,2025-08-07 07:18,2025-08-07 15:53,SHOP-1
EMP-1006,2025-08-29 06:21,2025-08-29 17:02,SHOP-1
EMP-1025,2025-08-06 07:46,2025-08-06 15:41,SHOP-1
EMP-1025,2025-08-26 07:22,2025-08-26 15:47,SHOP-1
EMP-1008,2025-08-21 07:31,2025-08-21 16:08,ADMIN-1
EMP-1037,2025-08-18 07:14,2025-08-18 15:57,SHOP-2
EMP-1009,2025-08-22 06:11,2025-08-22 10:08,GATE-B
EMP-1034,2025-07-31 07:39,2025-07-31 16:03,ADMIN-1
EMP-1013,2025-08-16 08:18,2025-08-16 15:56,GATE-A
EMP-1042,2025-08-28 07:29,2025-08-28 15:56,SHOP-1
EMP-1044,2025-08-07 08:23,2025-08-07 17:59,GATE-B
EMP-1013,2025-08-18 07:26,2025-08-18 16:21,ADMIN-1
EMP-1042,2025-08-08 07:32,2025-08-08 15:57,SHOP-1
EMP-1002,2025-08-25 07:04,2025-08-25 15:14,GATE-A
EMP-1009,2025-08-26 13:53,2025-08-26 18:10,GATE-B
EMP-1047,2025-08-07 07:17,2025-08-07 16:00,ADMIN-1
EMP-1037,2025-08-20 08:15,2025-08-20 16:36,SHOP-2
EMP-1005,2025-08-14 22:23,2025-08-15 07:24,SHOP-1
EMP-1026,2025-08-19 07:50,2025-08-19 16:22,SHOP-2
EMP-1032,2025-08-22 08:01,2025-08-22 16:32,SHOP-2
EMP-1021,2025-08-04 07:33,2025-08-04 17:08,SHOP-2
EMP-1025,2025-08-08 07:27,2025-08-08 15:55,SHOP-1
EMP-1048,2025-08-15 07:48,2025-08-15 16:34,GATE-A
EMP-1032,2025-08-11 06:48,2025-08-11 15:12,GATE-A
EMP-1024,2025-08-11 06:03,2025-08-11 09:24,GATE-B
EMP-1020,2025-08-11 07:49,2025-08-11 17:33,SHOP-2
EMP-1022,2025-08-25 21:35,2025-08-26 06:34,SHOP-1
EMP-1047,2025-08-27 07:20,2025-08-27 15:44,ADMIN-1
EMP-1006,2025-09-02 06:31,2025-09-02 16:31,SHOP-1
EMP-1041,2025-08-08 07:03,2025-08-08 15:51,ADMIN-1
EMP-1003,2025-08-28 09:47,2025-08-28 14:43,SHOP-2
emp-1050 ,2025-08-13 07:50,2025-08-13 16:05,SHOP-1
EMP-1026,2025-08-08 06:57,2025-08-08 16:47,GATE-A
EMP-1023,2025-08-30 12:17,2025-08-30 18:12,GATE-B
EMP-1046,2025-08-26 07:42,2025-08-26 17:00,GATE-A
EMP-1042,2025-08-06 08:21,2025-08-06 16:50,SHOP-1
EMP-1033,2025-08-01 11:01,2025-08-01 17:01,GATE-A
EMP-1036,2025-08-28 07:11,2025-08-28 15:54,SHOP-1
EMP-1006,2025-09-01 06:59,2025-09-01 16:57,SHOP-1
EMP-1050,2025-08-26 07:28,2025-08-26 15:25,SHOP-1
EMP-1025,2025-08-19 08:26,2025-08-19 17:04,SHOP-1
EMP-1042,2025-08-18 07:44,2025-08-18 15:01,SHOP-1
EMP-1037,2025-08-22 08:17,2025-08-22 17:42,SHOP-2
EMP-1018,2025-09-02 07:44,2025-09-02 16:02,SHOP-1
EMP-1020,2025-08-05 07:50,2025-08-05 16:27,SHOP-2
EMP-1024,2025-08-05 06:03,2025-08-05 09:27,GATE-B
EMP-1008,2025-08-23 08:05,2025-08-23 17:04,ADMIN-1
EMP-1035,2025-08-05 07:51,2025-08-05 16:30,GATE-A
EMP-1048,2025-09-01 07:15,2025-09-01 16:03,GATE-A
EMP-1008,2025-08-04 07:07,2025-08-04 15:32,ADMIN-1
EMP-1010,2025-07-30 06:06,2025-07-30 16:17,SHOP-2
EMP-1047,2025-08-23 07:10,2025-08-23 15:37,ADMIN-1
EMP-1050,2025-08-19 07:04,2025-08-19 16:50,SHOP-1
EMP-1024,2025-08-14 06:14,2025-08-14 09:30,GATE-B
EMP-1010,2025-08-04 06:03,2025-08-04 16:58,SHOP-2
EMP-1049,2025-09-02 10:09,2025-09-02 16:27,SHOP-2
EMP-1043,2025-07-30 07:34,2025-07-30 17:04,SHOP-1
EMP-1024,2025-08-04 05:53,2025-08-04 09:26,GATE-B
EMP-1005,2025-08-26 21:48,2025-08-27 07:05,SHOP-1
EMP-1023,2025-07-31 12:53,2025-07-31 17:18,GATE-B
EMP-1002,2025-08-21 08:13,2025-08-21 16:53,GATE-A
EMP-1047,2025-08-19 07:11,2025-08-19 15:38,SHOP-2
EMP-1033,2025-08-12 09:50,2025-08-12 15:12,GATE-A
EMP-1043,2025-08-08 08:07,2025-08-08 16:55,SHOP-2
EMP-1046,2025-08-13 07:00,2025-08-13 15:37,GATE-A
EMP-1036,2025-08-21 07:17,2025-08-21 16:02,SHOP-1
EMP-1001,2025-08-19 21:31,2025-08-20 06:55,SHOP-1
EMP-1007,2025-08-07 08:10,2025-08-07 16:43,GATE-A
EMP-1001,2025-08-09 21:56,2025-08-10 07:25,SHOP-1
EMP-1021,2025-08-11 07:23,2025-08-11 15:45,SHOP-2
 emp-1002,2025-08-05 07:19,2025-08-05 15:52,GATE-A
EMP-1002,2025-08-12 08:06,2025-08-12 16:51,SHOP-1
EMP-1010,2025-08-05 06:30,2025-08-05 16:32,SHOP-2
EMP-1009,2025-08-18 14:20,2025-08-18 18:49,GATE-B
EMP-1028,2025-08-11 08:23,2025-08-11 16:43,SHOP-2
EMP-1014,2025-08-26 09:32,2025-08-26 14:54,GATE-B
EMP-1019,2025-07-31 09:29,2025-07-31 14:57,SHOP-2
EMP-1020,2025-07-31 08:12,2025-07-31 16:43,SHOP-2
EMP-1005,2025-08-27 21:40,2025-08-28 06:26,SHOP-1
EMP-1020,2025-08-19 08:00,2025-08-19 16:59,SHOP-2
EMP-1035,2025-08-22 07:02,2025-08-22 15:26,GATE-A
EMP-1027,2025-08-07 07:59,2025-08-07 16:25,ADMIN-1
EMP-1045,2025-08-19 07:49,2025-08-19 17:49,SHOP-1
EMP-1022,2025-09-02 22:13,2025-09-03 06:49,SHOP-1
EMP-1024,2025-08-22 13:49,2025-08-22 19:01,GATE-B
EMP-1022,2025-08-14 22:22,2025-08-15 07:35,SHOP-2
EMP-1022,2025-08-12 22:04,2025-08-13 07:34,SHOP-1
EMP-1047,2025-08-01 07:08,2025-08-01 16:33,ADMIN-1
EMP-1002,2025-08-04 08:01,2025-08-04 16:56,GATE-A
EMP-1038,2025-08-18 08:16,2025-08-18 16:59,GATE-B
EMP-1048,2025-08-07 08:00,2025-08-07 16:36,GATE-A
EMP-1031,2025-08-18 22:20,2025-08-19 07:34,SHOP-1
EMP-1034,2025-08-26 08:22,2025-08-26 17:05,ADMIN-1
EMP-1008,2025-08-05 06:00,2025-08-05 22:01,ADMIN-1
EMP-1045,2025-08-28 07:58,2025-08-28 16:28,SHOP-1
EMP-1004,2025-08-25 06:11,2025-08-25 15:48,SHOP-1
EMP-1025,2025-07-31 07:21,2025-07-31 16:59,SHOP-2
EMP-1003,2025-08-08 12:28,2025-08-08 16:28,GATE-B
EMP-1006,2025-08-08 06:51,2025-08-08 16:38,SHOP-1
EMP-1048,2025-08-20 06:49,2025-08-20 14:13,GATE-A
EMP-1018,2025-08-12 07:11,2025-08-12 15:15,SHOP-1
EMP-1036,2025-08-27 07:20,2025-08-27 16:01,SHOP-1
EMP-1019,2025-08-22 12:37,2025-08-22 17:32,SHOP-2
EMP-1046,2025-08-19 08:26,2025-08-19 16:42,ADMIN-1
EMP-1014,2025-08-18 09:06,2025-08-18 14:11,GATE-B
EMP-1041,2025-07-30 07:18,2025-07-30 15:43,ADMIN-1
EMP-1033,2025-08-21 08:16,2025-08-21 14:03,SHOP-2
EMP-1046,2025-08-01 07:09,2025-08-01 16:08,GATE-A
EMP-1024,2025-08-07 06:08,2025-08-07 09:52,GATE-B
EMP-1036,2025-08-26 07:42,2025-08-26 16:29,SHOP-1
EMP-1010,2025-08-11 06:30,2025-08-11 16:36,SHOP-2
EMP-1017,2025-08-10 07:45,2025-08-10 17:00,SHOP-2
EMP-1040,2025-08-26 07:42,2025-08-26 16:30,SHOP-2
EMP-1008,2025-08-18 08:03,2025-08-18 17:33,ADMIN-1
EMP-0987,2025-08-11 07:18,2025-08-11 16:38,ADMIN-1
EMP-1009,2025-08-12 06:14,2025-08-12 09:46,GATE-B
EMP-1020,2025-08-20 08:18,2025-08-20 17:50,SHOP-2
EMP-1031,2025-08-04 21:58,2025-08-05 06:46,SHOP-1
EMP-1048,2025-08-19 08:09,2025-08-19 16:54,SHOP-2
EMP-1022,2025-08-04 22:21,2025-08-05 06:52,SHOP-1
EMP-1025,2025-07-30 07:57,2025-07-30 17:17,SHOP-1
 emp-1001,2025-08-28 22:06,2025-08-29 06:39,SHOP-1
EMP-1010,2025-08-27 06:22,2025-08-27 16:23,SHOP-2
EMP-1043,2025-08-01 08:06,2025-08-01 17:34,SHOP-1
EMP-1040,2025-07-31 08:26,2025-07-31 16:57,SHOP-2
EMP-1037,2025-08-08 08:27,2025-08-08 17:20,SHOP-2
EMP-1013,2025-08-12 08:09,2025-08-12 16:12,ADMIN-1
EMP-1047,2025-07-31 06:55,2025-07-31 15:22,GATE-A
EMP-1024,2025-08-13 05:48,2025-08-13 09:52,GATE-B
EMP-1047,2025-07-30 08:01,2025-07-30 16:00,ADMIN-1
EMP-1047,2025-08-04 07:41,2025-08-04 17:17,ADMIN-1
EMP-1040,2025-08-22 07:53,2025-08-22 16:22,SHOP-2
EMP-1042,2025-08-12 08:08,2025-08-12 16:52,SHOP-1
EMP-1017,2025-08-19 07:26,2025-08-19 15:52,GATE-A
EMP-1030,2025-08-15 07:15,2025-08-15 07:15,SHOP-1
EMP-1009,2025-08-11 14:25,2025-08-11 18:53,GATE-B
EMP-1009,2025-08-29 13:51,2025-08-29 18:19,GATE-B
EMP-1010,2025-08-06 06:48,2025-08-06 16:18,SHOP-2
EMP-1024,2025-08-06 14:27,2025-08-06 19:22,GATE-B
EMP-1045,2025-08-22 07:49,2025-08-22 17:19,SHOP-1
EMP-1028,2025-08-20 07:11,2025-08-20 15:46,SHOP-2
EMP-1035,2025-08-26 07:34,2025-08-26 15:15,GATE-B
EMP-1009,2025-08-02 14:27,2025-08-02 19:59,GATE-B
EMP-1025,2025-08-01 06:47,2025-08-01 14:02,SHOP-1
EMP-1003,2025-08-21 11:18,2025-08-21 16:02,SHOP-1
  EMP-1014 ,2025-08-27 11:21,2025-08-27 15:37,GATE-B
EMP-1001,2025-08-06 22:26,2025-08-07 07:41,SHOP-1
EMP-1015,2025-07-31 07:21,2025-07-31 16:58,SHOP-1
EMP-1024,2025-08-25 14:10,2025-08-25 19:09,GATE-B
EMP-1023,2025-08-04 11:03,2025-08-04 16:22,SHOP-1
EMP-1011,2025-08-12 08:11,2025-08-12 13:56,SHOP-2
EMP-1024,2025-08-17 14:16,2025-08-17 18:45,GATE-B
EMP-1034,2025-08-01 07:07,2025-08-01 15:23,ADMIN-1
EMP-1003,2025-08-15 11:41,2025-08-15 16:58,SHOP-1
EMP-1006,2025-08-18 06:57,2025-08-18 16:56,SHOP-1
 EMP-1014,2025-08-14 09:57,2025-08-14 14:23,GATE-B
EMP-1041,2025-08-14 07:49,2025-08-14 17:09,ADMIN-1
EMP-1022,2025-08-29 21:36,2025-08-30 06:32,SHOP-1
EMP-1030,2025-08-12 08:14,2025-08-12 16:31,SHOP-1
EMP-1006,2025-07-31 06:22,2025-07-31 16:17,SHOP-1
EMP-1003,2025-08-25 12:35,2025-08-25 18:40,SHOP-1
EMP-1042,2025-08-19 07:00,2025-08-19 16:00,SHOP-1
EMP-1047,2025-08-05 07:18,2025-08-05 16:14,ADMIN-1
EMP-1047,2025-09-02 08:24,2025-09-02 17:04,ADMIN-1
EMP-1048,2025-08-01 08:13,2025-08-01 18:06,GATE-A
EMP-1035,2025-08-21 08:23,2025-08-21 16:59,SHOP-1
EMP-1021,2025-08-19 08:24,2025-08-19 17:09,SHOP-2
EMP-1018,2025-09-01 07:48,2025-09-01 16:11,SHOP-1
EMP-1050,2025-08-12 07:21,2025-08-12 16:05,SHOP-1
EMP-1044,2025-08-26 06:55,2025-08-26 15:18,GATE-B
EMP-1033,2025-09-02 10:26,2025-09-02 16:26,GATE-A
EMP-1009,2025-08-19 14:07,2025-08-19 18:38,GATE-B
EMP-1044,2025-08-04 06:48,2025-08-04 15:56,GATE-B
EMP-1024,2025-08-25 06:11,2025-08-25 10:18,GATE-B
EMP-1006,2025-08-16 06:33,2025-08-16 16:11,SHOP-1
EMP-1049,2025-08-11 11:53,2025-08-11 17:41,SHOP-1
EMP-1026,2025-08-20 08:21,2025-08-20 16:43,SHOP-2
EMP-1049,2025-08-14 12:07,2025-08-14 18:24,SHOP-1
EMP-1043,2025-08-29 07:09,2025-08-29 16:03,SHOP-1
EMP-1009,2025-08-14 06:05,2025-08-14 09:29,GATE-A
EMP-1019,2025-08-14 08:03,2025-08-14 12:36,SHOP-2
 EMP-1050,2025-08-07 06:52,2025-08-07 15:15,SHOP-1
EMP-0993,2025-08-07 07:00,2025-08-07 14:53,GATE-B
EMP-1045,2025-08-27 08:09,2025-08-27 17:26,SHOP-1
EMP-1038,2025-08-25 07:05,2025-08-25 16:11,GATE-B
EMP-1013,2025-08-14 08:23,2025-08-14 17:14,ADMIN-1
EMP-1027,2025-08-27 08:16,2025-08-27 17:53,ADMIN-1
EMP-1025,2025-08-27 08:29,2025-08-27 17:04,SHOP-1
EMP-1041,2025-08-27 06:53,2025-08-27 14:53,ADMIN-1
EMP-1046,2025-08-05 07:34,2025-08-05 16:29,GATE-A
EMP-1027,2025-08-26 07:18,2025-08-26 16:18,ADMIN-1
EMP-1008,2025-08-26 06:55,2025-08-26 16:29,ADMIN-1
EMP-1006,2025-08-04 06:58,2025-08-04 17:23,SHOP-1
EMP-1031,2025-08-14 21:46,2025-08-15 06:16,SHOP-1
EMP-1041,2025-08-26 07:13,2025-08-26 16:11,ADMIN-1
EMP-1001,2025-08-26 22:08,2025-08-27 07:15,SHOP-1
EMP-1024 ,2025-08-12 14:04,2025-08-12 18:41,GATE-A
EMP-1030,2025-08-04 07:13,2025-08-04 16:29,GATE-B
EMP-1042,2025-08-29 07:49,2025-08-29 16:36,SHOP-1
EMP-1010,2025-08-26 06:30,2025-08-26 16:55,SHOP-2
EMP-1009,2025-08-28 14:03,2025-08-28 19:33,GATE-B
EMP-1004,2025-09-01 06:06,2025-09-01 16:00,SHOP-1
EMP-1011,2025-08-06 10:01,2025-08-06 15:27,SHOP-2
EMP-1023,2025-08-08 08:24,2025-08-08 13:34,GATE-B
EMP-1033,2025-08-29 10:00,2025-08-29 16:07,GATE-A
EMP-1001,2025-08-18 21:41,2025-08-19 06:14,SHOP-1
emp-1003 ,2025-08-18 11:26,2025-08-18 16:01,SHOP-1
EMP-1036,2025-08-08 07:55,2025-08-08 16:54,SHOP-2
EMP-1030,2025-08-05 06:54,2025-08-05 15:36,SHOP-1
EMP-1021,2025-08-20 07:44,2025-08-20 16:31,SHOP-2
EMP-1004,2025-08-14 06:17,2025-08-14 16:08,GATE-B
EMP-1029,2025-08-13 08:23,2025-08-13 15:57,ADMIN-1
EMP-1045,2025-08-05 07:29,2025-08-05 15:51,SHOP-1
EMP-1040,2025-08-21 06:56,2025-08-21 15:42,SHOP-2
EMP-1024,2025-08-19 05:47,2025-08-19 09:59,SHOP-2
EMP-1041,2025-08-05 08:28,2025-08-05 16:32,ADMIN-1
EMP-1015,2025-08-29 06:52,2025-08-29 16:50,GATE-A
EMP-1043,2025-08-23 06:56,2025-08-23 14:34,SHOP-1
EMP-1045,2025-08-07 07:09,2025-08-07 15:45,SHOP-1
EMP-1011,2025-08-22 09:53,2025-08-22 15:53,SHOP-2
EMP-1034,2025-08-29 07:10,2025-08-29 16:05,ADMIN-1
EMP-1021,2025-08-22 08:25,2025-08-22 15:40,SHOP-2
EMP-1034,2025-08-20 07:20,2025-08-20 17:20,ADMIN-1
EMP-1013,2025-09-02 07:23,2025-09-02 15:14,ADMIN-1
EMP-1021,2025-08-25 07:57,2025-08-25 16:38,SHOP-2
EMP-1020,2025-08-21 07:30,2025-08-21 16:39,GATE-A
EMP-1026,2025-08-27 07:52,,SHOP-2
EMP-1021 ,2025-07-31 07:01,2025-07-31 15:43,SHOP-2
EMP-1024,2025-08-29 05:56,2025-08-29 09:56,GATE-B
EMP-1007,2025-08-23 06:57,2025-08-23 15:16,SHOP-1
EMP-1038,2025-08-04 07:53,2025-08-04 16:38,GATE-B
EMP-1008,2025-08-08 07:07,2025-08-08 15:52,SHOP-2
EMP-1020,2025-07-30 07:16,2025-07-30 16:36,SHOP-2
EMP-1004,2025-08-01 07:00,2025-08-01 17:53,SHOP-1
EMP-1009,2025-09-02 14:12,2025-09-02 18:50,GATE-B
EMP-1029,2025-08-19 08:14,2025-08-19 16:44,GATE-B
EMP-1009,2025-08-06 14:06,2025-08-06 19:06,GATE-B
EMP-1022,2025-07-31 22:02,2025-08-01 06:41,SHOP-1
EMP-1011,2025-08-26 08:43,2025-08-26 13:44,SHOP-2
EMP-1009,2025-08-14 14:09,2025-08-14 19:19,GATE-B
EMP-1026,2025-09-02 08:03,2025-09-02 17:52,SHOP-2
EMP-1009,2025-08-07 06:14,2025-08-07 09:48,GATE-B
EMP-1014,2025-07-31 10:58,2025-07-31 15:20,GATE-B
EMP-1044,2025-08-05 07:54,2025-08-05 17:37,GATE-B
EMP-1030,2025-08-28 07:29,2025-08-28 16:12,SHOP-1
EMP-1002,2025-08-01 07:57,2025-08-01 16:03,GATE-A
EMP-1006,2025-08-11 06:45,2025-08-11 17:29,SHOP-1
EMP-1037,2025-08-05 06:47,2025-08-05 15:11,SHOP-2
EMP-1017,2025-07-31 07:09,2025-07-31 15:47,SHOP-2
EMP-1003,2025-08-20 09:41,2025-08-20 15:54,SHOP-1
EMP-1026,2025-07-30 07:44,2025-07-30 16:43,SHOP-2
EMP-1014,2025-09-02 12:03,2025-09-02 18:03,GATE-B
EMP-1042 ,2025-08-25 08:21,2025-08-25 16:59,SHOP-1
EMP-1040,2025-07-31 08:26,2025-07-31 16:57,SHOP-2
EMP-1023,2025-08-29 10:43,2025-08-29 16:43,GATE-B
EMP-1017,2025-08-29 08:00,2025-08-29 15:42,SHOP-2
EMP-1047,2025-08-06 08:17,2025-08-06 17:31,ADMIN-1
EMP-1006,2025-08-01 06:36,2025-08-01 17:21,SHOP-1
EMP-1006,2025-08-03 06:08,2025-08-03 16:39,SHOP-1
EMP-1048,2025-08-06 07:48,2025-08-06 16:25,GATE-A
EMP-1028,2025-08-26 07:38,2025-08-26 16:12,SHOP-2
EMP-1008,2025-08-27 08:05,2025-08-27 17:03,ADMIN-1
EMP-1002,2025-08-19 07:31,2025-08-19 14:41,GATE-A
EMP-1044,2025-08-28 08:22,2025-08-28 17:59,GATE-B
EMP-1017,2025-08-05 06:58,2025-08-05 15:31,SHOP-2
EMP-1015,2025-08-12 07:30,2025-08-12 15:48,SHOP-1
EMP-1025,2025-08-15 08:30,2025-08-15 17:17,SHOP-1
EMP-1015,2025-08-28 08:16,2025-08-28 17:07,SHOP-1
EMP-1009,2025-08-06 06:06,2025-08-06 09:44,SHOP-1
EMP-1049,2025-08-31 10:53,2025-08-31 16:47,SHOP-2
EMP-1005,2025-08-29 22:19,2025-08-30 07:24,SHOP-1
EMP-1005,2025-09-02 21:39,2025-09-03 07:05,SHOP-1
EMP-1011,2025-08-27 09:19,2025-08-27 15:19,SHOP-2
EMP-1049,2025-08-08 09:25,2025-08-08 14:09,SHOP-1
EMP-1047,2025-08-20 06:55,2025-08-20 15:43,ADMIN-1
EMP-1001,2025-09-02 21:42,2025-09-03 06:58,SHOP-1
EMP-1017,2025-08-29 08:00,2025-08-29 15:42,SHOP-2
EMP-1020,2025-09-01 08:07,2025-09-01 16:33,SHOP-2
EMP-1021,2025-08-01 07:16,2025-08-01 17:16,SHOP-2
EMP-1002,2025-08-11 08:28,2025-08-11 16:49,SHOP-2
EMP-1050,2025-08-29 07:05,2025-08-29 17:02,SHOP-1
EMP-1034,2025-08-13 06:57,2025-08-13 15:44,ADMIN-1
EMP-1025,2025-08-22 08:06,2025-08-22 16:44,SHOP-1
EMP-1046,2025-08-11 07:24,2025-08-11 17:15,GATE-A
EMP-1021,2025-08-13 07:31,2025-08-13 16:04,SHOP-2
EMP-1033,2025-08-06 10:46,2025-08-06 16:08,GATE-A
EMP-1013,2025-08-08 07:32,,ADMIN-1
EMP-1021,2025-08-21 07:29,2025-08-21 15:48,SHOP-2
EMP-1018,2025-08-01 07:39,2025-08-01 16:35,SHOP-1
emp-1032,2025-08-01 07:03,2025-08-01 14:13,GATE-A
EMP-1007,2025-08-28 08:02,2025-08-28 16:25,ADMIN-1
EMP-1014,2025-08-28 10:55,2025-08-28 16:38,GATE-A
EMP-1013,2025-08-21 07:16,2025-08-21 16:04,ADMIN-1
EMP-1024,2025-08-13 14:22,2025-08-13 19:09,GATE-B
EMP-1009,2025-08-28 06:07,2025-08-28 09:24,GATE-B
EMP-1026,2025-08-23 08:17,2025-08-23 16:55,GATE-A
EMP-1030,2025-08-20 07:37,2025-08-20 15:52,SHOP-1
EMP-1028,2025-08-01 07:16,2025-08-01 15:36,SHOP-2
EMP-1040,2025-09-02 07:27,2025-09-02 15:15,GATE-A
EMP-1043,2025-08-26 06:51,2025-08-26 15:40,GATE-B
EMP-1031,2025-08-20 21:43,2025-08-21 06:46,SHOP-1
 EMP-1011,2025-08-05 10:43,2025-08-05 16:44,SHOP-2
EMP-1028,2025-08-08 08:25,2025-08-08 17:18,SHOP-2
EMP-1026,2025-08-11 08:14,2025-08-11 17:09,SHOP-2
EMP-1024,2025-08-28 06:02,2025-08-28 09:27,GATE-B
EMP-1032,2025-08-26 07:28,2025-08-26 15:46,SHOP-1
EMP-1005,2025-08-01 22:21,2025-08-02 07:46,GATE-A
EMP-0993,2025-08-22 07:13,2025-08-22 16:43,SHOP-2
EMP-1007,2025-08-27 06:48,2025-08-27 15:43,SHOP-1
EMP-1007,2025-08-19 07:29,2025-08-19 17:13,ADMIN-1
EMP-1001,2025-08-11 22:23,2025-08-12 07:30,SHOP-1
EMP-1029,2025-08-05 08:14,2025-08-05 16:31,GATE-B
EMP-1049,2025-08-26 12:39,2025-08-26 18:39,SHOP-1
EMP-1010,2025-08-01 06:24,2025-08-01 16:02,SHOP-2
EMP-1046,2025-07-30 07:44,2025-07-30 17:20,GATE-A
EMP-1048,2025-07-31 08:13,2025-07-31 16:50,GATE-A
EMP-1019,2025-08-24 11:46,2025-08-24 16:36,SHOP-2
EMP-1022,2025-08-11 21:51,2025-08-12 06:56,SHOP-1
EMP-1032,2025-08-21 07:47,2025-08-21 16:43,GATE-A
EMP-1009,2025-08-13 14:13,2025-08-13 18:59,GATE-B
EMP-1035,2025-08-13 07:11,2025-08-13 15:03,GATE-A
EMP-1021,2025-08-12 07:48,2025-08-12 16:37,SHOP-2
EMP-1040,2025-08-14 06:46,2025-08-14 15:11,SHOP-2
EMP-1026,2025-08-12 08:20,2025-08-12 16:05,SHOP-2
EMP-1034,2025-08-06 07:25,2025-08-06 16:49,ADMIN-1
EMP-1008,2025-08-19 08:22,2025-08-19 17:50,SHOP-2
EMP-1032,2025-08-21 07:47,2025-08-21 16:43,GATE-A
EMP-1008,2025-08-11 08:04,2025-08-11 17:03,ADMIN-1
EMP-1034,2025-08-29 07:10,2025-08-29 16:05,ADMIN-1
EMP-1031,2025-08-21 22:24,2025-08-22 07:06,SHOP-1
EMP-1001,2025-08-13 21:37,2025-08-14 06:49,SHOP-1
EMP-1022,2025-08-20 22:19,2025-08-21 07:31,SHOP-1
EMP-1038,2025-08-19 08:18,2025-08-19 15:51,GATE-B
EMP-1035,2025-08-01 08:17,2025-08-01 16:40,SHOP-2
EMP-1047,2025-08-13 06:51,2025-08-13 16:31,ADMIN-1
EMP-0987,2025-08-26 07:08,2025-08-26 15:57,ADMIN-1
EMP-1033,2025-07-30 08:52,2025-07-30 14:02,ADMIN-1
EMP-1029,2025-08-26 07:49,2025-08-26 15:19,GATE-B
EMP-1002,2025-08-22 07:27,2025-08-22 15:42,GATE-A
EMP-1004,2025-08-08 06:09,2025-08-08 16:26,SHOP-1
EMP-1009,2025-08-02 06:10,2025-08-02 10:18,GATE-B
EMP-1008,2025-07-30 06:50,2025-07-30 16:48,ADMIN-1
EMP-1044,2025-09-01 07:03,2025-09-01 16:18,GATE-B
EMP-1029,2025-07-30 07:58,2025-07-30 16:58,GATE-B
 emp-1004,2025-08-27 06:21,2025-08-27 16:47,SHOP-1
EMP-1038,2025-08-02 07:00,2025-08-03 09:15,GATE-B
EMP-1043,2025-08-11 07:29,2025-08-11 16:03,SHOP-1
EMP-1045,2025-08-13 07:33,2025-08-13 16:10,SHOP-1
EMP-1037,2025-08-19 08:00,2025-08-19 15:12,GATE-B
EMP-1004,2025-08-07 06:58,2025-08-07 17:17,SHOP-1
EMP-1015,2025-08-07 07:09,2025-08-07 15:28,SHOP-1
EMP-1003,2025-08-26 08:48,2025-08-26 15:04,SHOP-1
EMP-1020,2025-08-13 08:03,2025-08-13 15:31,SHOP-2
EMP-1032,2025-07-31 07:09,2025-07-31 15:30,GATE-A
EMP-1030,2025-08-14 06:50,2025-08-14 16:02,SHOP-1
EMP-1009,2025-08-07 14:16,2025-08-07 18:50,GATE-B
  EMP-1026 ,2025-08-29 08:28,2025-08-29 17:27,SHOP-2
EMP-1040,2025-08-01 07:45,2025-08-01 16:25,SHOP-2
EMP-1013,2025-08-13 07:37,2025-08-13 16:30,GATE-B
emp-1008 ,2025-08-29 08:27,2025-08-29 17:27,ADMIN-1
EMP-1028,2025-08-18 06:48,2025-08-18 15:24,GATE-A
EMP-1005,2025-08-16 22:18,2025-08-17 07:16,SHOP-1
EMP-1018,2025-08-26 07:29,2025-08-26 15:53,SHOP-1
EMP-1022,2025-08-08 22:14,2025-08-09 07:15,SHOP-1
EMP-1009,2025-08-05 06:09,2025-08-05 10:04,GATE-B
EMP-1041,2025-08-06 07:29,2025-08-06 14:43,ADMIN-1
EMP-1002,2025-08-28 07:36,2025-08-28 16:25,GATE-A
EMP-1022,2025-08-21 21:32,2025-08-22 06:27,SHOP-1
EMP-1007,2025-07-30 06:51,2025-07-30 15:48,SHOP-1
EMP-1002,2025-09-02 07:34,2025-09-02 17:20,GATE-A
EMP-1026,2025-08-18 08:25,2025-08-18 17:25,SHOP-2
EMP-1007,2025-08-11 07:51,2025-08-11 16:41,SHOP-2
EMP-1027,2025-08-22 08:23,2025-08-22 17:17,ADMIN-1
EMP-1018,2025-08-28 08:28,2025-08-28 17:22,SHOP-1
EMP-1020,2025-08-02 08:30,2025-08-02 19:15,SHOP-2
EMP-1010,2025-09-02 06:50,2025-09-02 17:00,SHOP-2
EMP-1035,2025-08-07 08:08,2025-08-07 16:36,GATE-A
EMP-1034,2025-08-04 07:02,2025-08-04 14:56,ADMIN-1
EMP-1017,2025-08-14 08:02,2025-08-14 15:14,SHOP-2
EMP-1027,2025-07-30 07:11,2025-07-30 15:39,ADMIN-1
EMP-1033,2025-09-02 10:26,2025-09-02 16:26,GATE-A
EMP-1032,2025-08-14 08:19,2025-08-14 17:06,GATE-A
EMP-1015,2025-08-08 07:04,2025-08-08 15:58,SHOP-1
EMP-1009,2025-08-22 14:24,2025-08-22 19:56,GATE-B
EMP-1007,2025-07-31 07:34,2025-07-31 16:18,SHOP-1
EMP-1005,2025-08-06 22:16,2025-08-07 07:35,SHOP-1
EMP-1013,2025-08-08 07:32,,ADMIN-1
EMP-1013,2025-07-30 07:10,2025-07-30 16:00,ADMIN-1
EMP-1024,2025-08-18 13:52,2025-08-18 19:12,GATE-B
EMP-1036,2025-08-06 07:34,2025-08-06 16:18,SHOP-1
EMP-0993,2025-08-26 07:05,2025-08-26 14:55,ADMIN-1
EMP-1033,2025-08-22 10:34,2025-08-22 14:39,GATE-B
EMP-1008,2025-08-06 08:23,2025-08-06 17:06,ADMIN-1
EMP-1003,2025-08-06 10:35,2025-08-06 16:35,SHOP-1
EMP-1035,2025-08-18 07:39,2025-08-18 16:26,GATE-A
EMP-1005,2025-08-12 22:22,2025-08-13 07:47,SHOP-1
EMP-1017,2025-07-30 08:09,2025-07-30 17:25,SHOP-2
EMP-1006,2025-08-16 06:33,2025-08-16 16:11,SHOP-1
EMP-1035,2025-08-04 06:55,2025-08-04 15:20,GATE-A
EMP-1034,2025-08-11 08:02,2025-08-11 17:28,ADMIN-1
EMP-1030,2025-08-29 07:34,2025-08-29 16:09,SHOP-1
EMP-1017,2025-08-28 06:49,2025-08-28 15:41,SHOP-2
EMP-1048,2025-08-28 06:54,2025-08-28 16:20,GATE-A
EMP-1015,2025-08-13 07:48,2025-08-13 16:47,SHOP-1
EMP-1009,2025-08-20 05:59,2025-08-20 09:59,GATE-B
EMP-1027,2025-08-21 07:21,2025-08-21 16:01,SHOP-1
EMP-1046,2025-08-17 07:50,2025-08-17 16:28,GATE-A
EMP-1013,2025-08-11 07:42,2025-08-11 16:10,ADMIN-1
EMP-1005,2025-08-22 22:07,2025-08-23 07:13,SHOP-1
EMP-1042,2025-08-11 07:49,2025-08-11 15:19,GATE-A
EMP-1024,2025-08-27 05:47,2025-08-27 09:53,GATE-B
EMP-1043,2025-08-18 07:05,2025-08-18 15:52,SHOP-1
EMP-1035,2025-08-14 07:01,2025-08-14 16:48,GATE-A
EMP-1028,2025-08-07 07:53,2025-08-07 16:48,SHOP-2
EMP-1004,2025-08-10 06:01,2025-08-10 16:36,SHOP-1
EMP-1006,2025-08-23 06:39,2025-08-23 16:40,SHOP-1
EMP-1023,2025-08-15 09:13,2025-08-15 13:44,GATE-B
EMP-1040,2025-08-29 08:17,2025-08-29 17:27,SHOP-2
EMP-1036,2025-08-20 08:27,2025-08-20 17:21,SHOP-1
EMP-1015,2025-08-25 07:38,2025-08-25 15:38,SHOP-1
EMP-1029,2025-08-28 07:36,2025-08-28 16:00,GATE-B
EMP-1041,2025-08-22 07:47,2025-08-22 16:37,ADMIN-1
EMP-1005,2025-08-19 21:40,2025-08-20 07:02,SHOP-1
EMP-1005,2025-08-13 22:00,2025-08-14 06:41,SHOP-1
EMP-1026,2025-08-04 08:22,2025-08-04 15:40,SHOP-2
EMP-1036,2025-08-14 08:28,2025-08-14 16:43,SHOP-1
EMP-1025,2025-08-14 08:10,2025-08-14 16:56,SHOP-1
EMP-1046,2025-09-02 08:30,2025-09-02 17:50,GATE-A
EMP-1018,2025-08-20 07:33,2025-08-20 16:22,ADMIN-1
EMP-1025,2025-08-04 07:58,2025-08-04 16:23,SHOP-1
EMP-1001,2025-08-25 22:09,2025-08-26 06:53,SHOP-1
EMP-1008,2025-08-13 07:01,2025-08-13 16:00,ADMIN-1
EMP-1044,2025-08-18 06:53,2025-08-18 15:31,GATE-B
EMP-1036,2025-08-07 07:58,2025-08-07 16:01,SHOP-1
EMP-1037,2025-08-07 08:11,2025-08-07 17:01,SHOP-2
EMP-1038,2025-08-14 08:21,2025-08-14 16:59,GATE-B
EMP-1027,2025-08-13 07:31,2025-08-13 15:55,ADMIN-1
EMP-1047,2025-08-11 08:26,2025-08-11 17:19,ADMIN-1
EMP-1009,2025-08-23 14:03,2025-08-23 19:32,GATE-B
EMP-1004,2025-08-13 06:44,2025-08-13 17:06,SHOP-1
EMP-1004,2025-08-06 06:59,2025-08-06 17:40,SHOP-1
EMP-1040,2025-08-04 07:21,2025-08-04 15:53,SHOP-2
EMP-1002,2025-08-27 08:08,2025-08-27 16:56,SHOP-1
EMP-1028,2025-08-27 07:23,2025-08-27 15:50,SHOP-2
EMP-1011,2025-08-03 09:02,2025-08-03 15:02,SHOP-2
EMP-1005,2025-08-08 21:38,2025-08-09 06:57,SHOP-1
 EMP-1025,2025-08-21 08:06,2025-08-21 16:31,SHOP-2
EMP-1010,2025-08-08 06:15,2025-08-08 16:58,SHOP-2
EMP-1010,2025-08-25 06:39,2025-08-25 16:39,SHOP-2
EMP-1044,2025-07-30 06:57,2025-07-30 15:16,GATE-B
EMP-1033,2025-08-26 11:56,2025-08-26 17:56,GATE-A
EMP-1026,2025-08-22 07:49,2025-08-22 16:45,SHOP-2
EMP-1004,2025-08-20 06:32,2025-08-20 17:22,SHOP-1
 emp-1043,2025-08-22 07:36,2025-08-22 15:06,SHOP-1
EMP-1004,2025-09-02 06:05,2025-09-02 16:55,SHOP-1
EMP-1005,2025-08-18 21:30,2025-08-19 06:39,GATE-B
EMP-1038,2025-08-09 08:13,2025-08-09 17:09,GATE-B
EMP-1043,2025-08-19 07:11,2025-08-19 14:53,SHOP-1
EMP-1013,2025-08-27 06:48,2025-08-27 15:13,ADMIN-1
EMP-1048,2025-08-27 07:49,2025-08-27 16:40,SHOP-1
  EMP-1025 ,2025-08-03 08:21,2025-08-03 16:44,SHOP-1
EMP-1004,2025-08-10 06:01,2025-08-10 16:36,SHOP-1
EMP-1050,2025-08-28 06:55,2025-08-28 15:44,SHOP-1
EMP-1018,2025-08-08 07:39,2025-08-08 16:00,SHOP-1
EMP-1047,2025-08-26 07:58,2025-08-26 17:51,ADMIN-1
EMP-1020,2025-08-25 08:13,2025-08-25 17:59,SHOP-2
EMP-1050,2025-07-31 08:25,2025-07-31 17:42,SHOP-1
EMP-1018,2025-08-25 08:20,2025-08-25 15:40,SHOP-1
EMP-1006,2025-07-31 06:22,2025-07-31 16:17,SHOP-1
EMP-1025,2025-08-18 07:40,,SHOP-2
EMP-1050,2025-08-25 07:16,2025-08-25 16:03,SHOP-1
EMP-1010,2025-08-13 06:09,2025-08-13 15:55,SHOP-2
EMP-1007,2025-09-02 07:09,2025-09-02 14:41,GATE-A
EMP-1019,2025-08-18 08:06,2025-08-18 14:06,SHOP-2
EMP-1049,2025-08-10 09:36,2025-08-10 15:36,SHOP-1
EMP-1037,2025-08-12 06:50,2025-08-12 16:03,SHOP-2
EMP-1020,2025-09-02 07:00,2025-09-02 15:41,SHOP-2
EMP-1036,2025-08-12 07:49,2025-08-12 15:57,SHOP-1
EMP-1006,2025-08-07 06:41,2025-08-07 16:25,SHOP-1
EMP-1005,2025-08-28 21:39,2025-08-29 06:21,SHOP-1
EMP-1043,2025-08-07 07:46,2025-08-07 17:43,SHOP-1
EMP-1040,2025-08-20 06:56,2025-08-20 15:13,SHOP-2
EMP-1026,2025-07-31 08:24,2025-07-31 18:23,SHOP-2
EMP-1049,2025-08-13 10:13,2025-08-13 16:13,SHOP-1
EMP-1010,2025-09-01 06:15,2025-09-01 16:23,SHOP-2
EMP-1023,2025-08-27 08:29,2025-08-27 13:30,GATE-B
EMP-1035,2025-08-11 08:04,2025-08-11 18:04,GATE-A
EMP-1013,2025-08-19 08:28,2025-08-19 17:13,SHOP-1
EMP-1005,2025-08-09 21:42,2025-08-10 06:46,SHOP-1
EMP-1024,2025-08-08 06:01,2025-08-08 10:00,GATE-B
EMP-1028,2025-08-19 08:13,2025-08-19 16:36,SHOP-2
EMP-1032,2025-08-13 07:19,2025-08-13 07:19,GATE-A
EMP-1009,2025-08-10 14:15,2025-08-10 19:52,GATE-B
EMP-1018,2025-08-13 08:20,2025-08-13 16:49,SHOP-1
EMP-1005,2025-08-25 22:08,2025-08-26 07:10,SHOP-1
EMP-1041,2025-08-28 07:47,2025-08-28 16:33,ADMIN-1
EMP-1002,2025-08-26 07:35,2025-08-26 15:53,GATE-A
EMP-1022,2025-08-12 22:04,2025-08-13 07:34,SHOP-1
EMP-1022,2025-07-30 21:44,2025-07-31 07:12,SHOP-1
EMP-1042,2025-08-05 07:28,2025-08-05 16:43,SHOP-1
EMP-1045,2025-08-13 07:33,2025-08-13 16:10,SHOP-1
EMP-1010,2025-08-30 07:00,2025-08-30 17:54,SHOP-2
emp-1014 ,2025-08-02 09:53,2025-08-02 15:53,GATE-B
EMP-1021,2025-08-08 07:59,2025-08-08 17:18,SHOP-2
EMP-1030,2025-08-01 07:53,2025-08-01 15:41,SHOP-1
EMP-1017,2025-08-18 07:40,2025-08-18 16:13,SHOP-2
EMP-1018,2025-08-11 07:18,2025-08-11 16:15,SHOP-1
EMP-1032,2025-08-12 06:55,2025-08-12 15:55,GATE-A
EMP-1031,2025-09-02 21:51,2025-09-03 07:05,SHOP-1
EMP-1024,2025-08-01 06:14,2025-08-01 09:33,GATE-B
EMP-1017,2025-08-11 07:31,2025-08-11 16:31,SHOP-2
EMP-1003,2025-08-11 12:20,2025-08-11 17:05,SHOP-1
EMP-1032,2025-08-04 08:25,2025-08-04 16:43,GATE-A
EMP-1040,2025-08-05 06:55,2025-08-05 16:53,SHOP-2
EMP-1036,2025-08-11 07:52,2025-08-11 17:37,SHOP-1
EMP-1028,2025-08-28 06:49,2025-08-28 15:23,SHOP-2
EMP-1038,2025-08-29 07:38,2025-08-29 16:22,GATE-B
EMP-1045,2025-08-26 07:33,2025-08-26 16:00,SHOP-1
EMP-1041,2025-08-02 07:00,2025-08-03 09:15,ADMIN-1
EMP-1014,2025-08-20 10:36,2025-08-20 15:36,GATE-A
EMP-1029,2025-08-22 06:45,2025-08-22 15:30,GATE-B
EMP-1022,2025-08-05 21:44,2025-08-06 06:24,SHOP-1
EMP-1009,2025-08-28 06:07,2025-08-28 09:24,GATE-B
EMP-1036,2025-08-01 07:11,2025-08-01 15:48,SHOP-1
EMP-1041,2025-09-01 06:54,2025-09-01 16:28,ADMIN-1
EMP-1006,2025-08-19 06:41,2025-08-19 16:39,SHOP-1
EMP-1048,2025-08-18 08:03,2025-08-18 16:28,GATE-A
EMP-1037,2025-07-31 08:21,2025-07-31 18:03,SHOP-2
EMP-1032,2025-08-28 08:26,2025-08-28 17:16,GATE-A
EMP-1013,2025-08-15 06:56,2025-08-15 15:50,ADMIN-1
EMP-1018,2025-08-03 08:21,2025-08-03 12:51,SHOP-1
EMP-1023,2025-08-20 09:27,2025-08-20 14:53,GATE-B
EMP-1034,2025-08-22 07:12,2025-08-22 15:27,ADMIN-1
EMP-1033,2025-08-02 09:32,2025-08-02 15:22,GATE-A
EMP-1034,2025-08-27 07:17,2025-08-27 15:56,ADMIN-1
EMP-1021,2025-09-02 08:18,2025-09-02 17:01,SHOP-1
EMP-1021,2025-08-05 07:34,2025-08-05 15:57,SHOP-2
EMP-1046,2025-08-07 08:03,2025-08-07 16:42,GATE-A
EMP-1017,2025-08-26 08:16,2025-08-26 17:08,SHOP-2
EMP-1004,2025-07-31 06:23,2025-07-31 16:20,SHOP-1
EMP-1028,2025-08-21 07:44,2025-08-21 16:32,SHOP-2
  EMP-1030 ,2025-08-22 08:11,2025-08-22 16:59,SHOP-1
EMP-1024,2025-08-17 05:57,2025-08-17 09:42,GATE-B
EMP-1045,2025-08-18 07:56,2025-08-18 16:17,SHOP-1
EMP-1018,2025-08-05 07:16,2025-08-05 16:25,SHOP-1
EMP-1047,2025-08-21 07:24,2025-08-21 15:11,ADMIN-1
EMP-1032,2025-08-05 07:30,2025-08-05 15:35,GATE-A
EMP-1010,2025-08-14 06:01,2025-08-14 15:34,SHOP-2
EMP-1041,2025-08-11 08:28,2025-08-11 17:11,ADMIN-1
  EMP-1001 ,2025-08-05 22:02,2025-08-06 07:10,SHOP-1
EMP-1025,2025-08-25 07:00,2025-08-25 15:34,SHOP-1
emp-1037 ,2025-08-28 07:09,2025-08-28 14:52,SHOP-2
EMP-1037,2025-08-27 08:10,2025-08-27 16:38,SHOP-2
EMP-1020,2025-08-06 08:12,2025-08-06 16:44,GATE-B
EMP-1043,2025-09-01 07:20,2025-09-01 16:07,SHOP-1
EMP-1003,2025-08-10 09:22,2025-08-10 13:41,SHOP-1
EMP-1027,2025-08-28 06:52,2025-08-28 16:09,ADMIN-1
EMP-1030,2025-08-06 07:11,2025-08-06 15:56,SHOP-1
EMP-1009,2025-08-11 05:47,2025-08-11 09:38,GATE-B
EMP-1015,2025-08-14 07:04,2025-08-14 15:53,SHOP-1
EMP-1009,2025-07-30 13:58,2025-07-30 18:34,GATE-B
EMP-1010,2025-08-31 06:56,2025-08-31 17:20,SHOP-2
EMP-1004,2025-08-05 06:54,2025-08-05 16:46,GATE-B
EMP-1044,2025-08-29 07:57,2025-08-29 15:37,GATE-B
EMP-1032,2025-07-30 07:47,2025-07-30 16:42,ADMIN-1
EMP-1032,2025-09-02 07:52,2025-09-02 15:38,GATE-A
EMP-1044,2025-08-01 07:24,2025-08-01 16:08,GATE-B
EMP-1023,2025-08-14 09:41,2025-08-14 14:54,GATE-B
EMP-1048,2025-08-12 07:01,2025-08-12 15:53,GATE-A
EMP-1031,2025-08-01 22:27,2025-08-02 07:38,SHOP-1
EMP-1009,2025-08-04 13:58,2025-08-04 19:22,GATE-B
EMP-1003,2025-08-16 12:07,2025-08-16 16:13,SHOP-1
EMP-1028,2025-08-06 07:58,2025-08-06 16:37,SHOP-2
EMP-1031,2025-08-29 21:31,2025-08-30 06:46,SHOP-2
EMP-1003,2025-08-13 09:07,2025-08-13 14:57,SHOP-1
EMP-1034,2025-08-19 08:06,2025-08-19 16:39,ADMIN-1
EMP-1041,2025-08-01 07:33,2025-08-01 14:52,ADMIN-1
EMP-1038,2025-08-01 07:48,2025-08-01 15:34,GATE-B
EMP-1020,2025-08-07 07:05,2025-08-07 17:04,SHOP-2
 emp-1047,2025-08-08 06:55,2025-08-08 15:49,ADMIN-1
EMP-1004,2025-08-29 06:51,2025-08-29 17:00,SHOP-1
EMP-1022,2025-08-19 22:01,2025-08-20 06:50,SHOP-1
EMP-1021,2025-08-27 07:04,2025-08-27 15:38,SHOP-2
EMP-1004,2025-08-26 06:51,2025-08-26 16:46,ADMIN-1
EMP-1048,2025-08-29 08:04,2025-08-29 15:50,GATE-A
EMP-0987,2025-08-05 08:25,2025-08-05 17:04,GATE-A
EMP-1037,2025-08-02 14:05,2025-08-02 09:40,SHOP-2
EMP-1002,2025-08-20 08:29,2025-08-20 17:09,ADMIN-1
EMP-1046,2025-08-04 08:04,2025-08-04 16:21,GATE-A
EMP-1050,2025-08-14 07:08,2025-08-14 16:57,SHOP-1
EMP-1040,2025-08-31 08:21,2025-08-31 15:52,SHOP-2
EMP-1001,2025-08-22 22:10,2025-08-23 06:55,SHOP-1
EMP-1029,2025-08-27 08:19,2025-08-27 17:40,GATE-B
EMP-1006,2025-08-25 06:27,2025-08-25 17:27,SHOP-1
EMP-1005,2025-08-04 21:41,2025-08-05 06:15,SHOP-1
EMP-1009,2025-09-02 05:49,2025-09-02 09:43,GATE-B
EMP-1026,2025-08-15 06:57,2025-08-15 15:41,GATE-B
EMP-1046,2025-08-21 08:14,2025-08-21 16:36,GATE-B
EMP-1036,2025-07-31 07:52,2025-07-31 16:47,GATE-A
EMP-1007,2025-08-13 07:07,2025-08-13 16:46,SHOP-1
EMP-1024,2025-07-31 06:15,2025-07-31 10:02,GATE-B
EMP-1034,2025-08-07 07:24,2025-08-07 16:08,ADMIN-1
EMP-1030,2025-07-31 07:03,2025-07-31 15:24,SHOP-1
EMP-1040,2025-08-02 07:00,2025-08-03 09:15,SHOP-2
EMP-1040,2025-08-11 07:58,2025-08-11 16:42,GATE-A
  EMP-0987 ,2025-08-07 07:14,2025-08-07 15:35,GATE-B
EMP-1009,2025-08-04 06:01,2025-08-04 10:08,GATE-B
EMP-1003,2025-08-01 11:12,2025-08-01 16:56,SHOP-1
EMP-1010,2025-08-18 06:08,2025-08-18 15:38,SHOP-2
EMP-1001,2025-09-01 22:26,2025-09-02 07:29,SHOP-1
EMP-1048,2025-08-26 07:06,2025-08-26 15:53,GATE-A
EMP-1041,2025-08-19 07:27,2025-08-19 16:21,GATE-B
EMP-1018,2025-08-04 07:16,2025-08-04 16:49,SHOP-1
EMP-1050,2025-08-20 07:11,2025-08-20 15:55,SHOP-1
EMP-1030,2025-08-25 07:29,2025-08-25 16:38,SHOP-1
EMP-1004,2025-08-18 06:25,2025-08-18 17:16,GATE-B
EMP-1045,2025-09-02 06:58,2025-09-02 15:52,SHOP-1
EMP-1047,2025-08-14 07:43,2025-08-14 15:06,ADMIN-1
EMP-1015,2025-07-30 07:33,2025-07-30 16:06,SHOP-1
EMP-1028,2025-08-12 07:47,2025-08-12 16:07,ADMIN-1
EMP-1044,2025-08-06 08:00,2025-08-06 16:47,ADMIN-1
EMP-1020,2025-08-12 08:18,2025-08-12 17:06,SHOP-2
EMP-1007,2025-08-04 06:00,2025-08-04 22:00,SHOP-1
EMP-1041,2025-08-07 08:07,2025-08-07 16:57,ADMIN-1
emp-1050 ,2025-08-13 07:50,2025-08-13 16:05,SHOP-1
EMP-1018,2025-08-22 07:25,2025-08-22 14:48,SHOP-1
EMP-1010,2025-08-16 06:17,2025-08-16 16:47,SHOP-2
EMP-1038,2025-07-30 08:10,2025-07-30 17:09,GATE-B
EMP-1049,2025-08-29 11:32,2025-08-29 17:14,SHOP-1
EMP-1013,2025-08-05 07:59,2025-08-05 16:40,ADMIN-1
EMP-1048,2025-08-11 08:19,2025-08-11 17:09,GATE-A
EMP-1024,2025-08-20 06:03,2025-08-20 10:16,GATE-B
EMP-1042,2025-08-20 07:07,2025-08-20 16:12,GATE-A
EMP-1037,2025-08-11 08:17,2025-08-11 16:41,SHOP-2
EMP-1040,2025-08-18 07:39,2025-08-18 17:16,SHOP-2
EMP-1043,2025-08-21 08:14,2025-08-21 17:26,SHOP-1
EMP-1036,2025-08-19 08:26,2025-08-19 17:18,SHOP-1
EMP-1021,2025-08-06 08:28,2025-08-06 17:05,GATE-A
EMP-1005,2025-07-30 21:57,2025-07-31 07:04,SHOP-1
EMP-1002,2025-08-29 07:41,2025-08-29 16:28,GATE-A
EMP-1006,2025-08-05 06:58,2025-08-05 17:57,SHOP-1
EMP-1038,2025-08-06 07:44,2025-08-06 16:05,GATE-B
EMP-1006,2025-08-27 06:26,2025-08-27 16:23,SHOP-1
EMP-1024,2025-07-30 14:13,2025-07-30 19:10,GATE-B
EMP-1002,2025-07-31 07:51,2025-07-31 16:32,GATE-A
EMP-1001,2025-08-12 21:36,2025-08-13 06:51,SHOP-1
EMP-1006,2025-08-06 06:12,2025-08-06 16:19,SHOP-1
  EMP-1031 ,2025-08-06 22:23,2025-08-07 07:23,SHOP-1
EMP-0987,2025-08-13 07:42,2025-08-13 16:36,ADMIN-1
EMP-1017,2025-08-03 08:25,2025-08-03 13:10,SHOP-2
EMP-1015,2025-08-22 07:49,2025-08-22 16:36,SHOP-1
EMP-1041,2025-08-20 06:45,2025-08-20 15:06,ADMIN-1
EMP-1015,2025-08-05 07:11,2025-08-05 16:11,SHOP-1
EMP-1033,2025-08-13 12:09,2025-08-13 18:09,GATE-A
EMP-1029,2025-08-11 07:59,2025-08-11 16:26,ADMIN-1
EMP-1020,2025-08-30 07:13,2025-08-30 16:03,SHOP-2
EMP-1037,2025-09-02 07:21,2025-09-02 15:51,SHOP-2
EMP-1005,2025-08-21 21:51,2025-08-22 06:23,SHOP-1
EMP-1029,2025-08-12 07:12,2025-08-12 15:31,GATE-B
EMP-1006,2025-08-24 06:23,2025-08-24 16:34,SHOP-1
EMP-1045,2025-08-08 08:07,2025-08-08 16:10,SHOP-1
EMP-1010,2025-08-23 07:00,2025-08-23 16:55,SHOP-2
EMP-1045,2025-08-21 07:14,2025-08-21 17:14,SHOP-1
EMP-1019,2025-07-30 09:47,2025-07-30 15:11,SHOP-2
EMP-1007,2025-08-21 08:21,2025-08-21 16:15,GATE-B
EMP-1042,2025-08-07 07:04,2025-08-07 15:22,SHOP-1
EMP-1011,2025-08-07 12:19,2025-08-07 18:25,SHOP-2
EMP-1025,2025-08-22 08:06,2025-08-22 16:44,SHOP-1
EMP-1043,2025-08-27 08:28,2025-08-27 15:44,SHOP-1
EMP-1008,2025-08-24 06:52,2025-08-24 14:41,GATE-B
EMP-1037,2025-08-25 08:22,2025-08-25 15:43,SHOP-2
EMP-1012,2025-08-04 15:20,2025-08-04 08:05,GATE-A
emp-1017 ,2025-08-25 08:24,2025-08-25 17:23,SHOP-2
EMP-1010,2025-08-12 06:27,2025-08-12 17:18,SHOP-2
EMP-1032,2025-08-06 07:44,2025-08-06 17:39,GATE-A
EMP-1050,2025-08-04 08:03,2025-08-04 17:02,SHOP-1
EMP-1045,2025-08-20 08:01,2025-08-20 16:30,SHOP-1
EMP-1028,2025-08-04 07:32,,SHOP-2
EMP-1024,2025-08-11 14:22,2025-08-11 19:47,GATE-B
EMP-1050,2025-08-27 07:51,2025-08-27 15:44,SHOP-1
EMP-1008,2025-08-01 07:14,2025-08-01 15:07,GATE-A
EMP-1037,2025-08-04 07:35,2025-08-04 15:52,SHOP-2
EMP-1017,2025-08-04 06:59,2025-08-04 15:59,SHOP-2
EMP-1017,2025-08-20 06:49,2025-08-20 15:06,SHOP-1
EMP-1009,2025-07-30 06:12,2025-07-30 10:14,GATE-B
EMP-1027,2025-08-05 07:01,2025-08-05 15:21,ADMIN-1
EMP-1043,2025-08-02 07:00,2025-08-03 09:15,SHOP-2
EMP-1035,2025-08-02 14:05,2025-08-02 09:40,GATE-A
EMP-1006,2025-08-22 06:16,2025-08-22 16:16,ADMIN-1
EMP-1042,2025-08-26 08:14,2025-08-26 16:50,SHOP-1
EMP-1001,2025-08-29 21:46,2025-08-30 06:37,SHOP-1
EMP-1045,2025-08-04 07:29,2025-08-04 15:26,SHOP-1
EMP-1045,2025-07-30 08:02,2025-07-30 16:56,SHOP-1
EMP-1007,2025-07-30 06:51,2025-07-30 15:48,SHOP-1
EMP-1047,2025-08-12 07:57,2025-08-12 16:48,ADMIN-1
EMP-1033,2025-08-08 08:19,2025-08-08 14:19,ADMIN-1
EMP-1003,2025-08-07 11:43,2025-08-07 17:54,SHOP-1
EMP-1024,2025-07-31 13:58,2025-07-31 19:05,GATE-B
EMP-1006,2025-08-26 06:19,2025-08-26 16:22,SHOP-1
EMP-1017,2025-08-21 06:53,2025-08-21 15:37,SHOP-2
EMP-1029,2025-08-14 08:06,2025-08-14 15:46,GATE-B
EMP-1047,2025-08-29 07:32,2025-08-29 16:40,ADMIN-1
EMP-1035,2025-08-29 07:11,2025-08-29 15:35,GATE-A
EMP-1010,2025-08-21 06:16,2025-08-21 15:59,SHOP-2
EMP-1044,2025-08-27 08:20,2025-08-27 16:15,GATE-B
EMP-1024,2025-08-26 06:06,2025-08-26 09:31,GATE-B
EMP-0993,2025-08-28 08:27,2025-08-28 17:16,GATE-B
EMP-1007,2025-08-26 06:59,2025-08-26 15:19,SHOP-1
EMP-1026,2025-08-28 07:16,2025-08-28 16:05,SHOP-2
EMP-1049,2025-08-03 08:20,2025-08-03 14:20,SHOP-1
EMP-1035,2025-07-31 07:10,2025-07-31 15:33,GATE-B
EMP-1009,2025-08-29 13:51,2025-08-29 18:19,GATE-B
EMP-1021,2025-08-07 07:45,2025-08-07 16:07,SHOP-2
emp-1008 ,2025-09-01 06:49,2025-09-01 15:36,ADMIN-1
EMP-1040,2025-07-30 08:27,2025-07-30 17:20,SHOP-2
EMP-1032,2025-08-08 07:33,2025-08-08 16:27,GATE-A
EMP-1031,2025-08-26 22:10,2025-08-27 07:35,SHOP-1
EMP-1044,2025-08-20 08:19,2025-08-20 16:56,GATE-B
EMP-1044,2025-08-19 08:08,2025-08-19 16:34,GATE-B
EMP-1040,2025-08-13 07:59,2025-08-13 16:20,SHOP-2
EMP-1045,2025-08-06 06:45,2025-08-06 14:28,SHOP-1
EMP-1024,2025-08-20 14:20,2025-08-20 19:01,GATE-B
emp-1037,2025-08-06 06:51,2025-08-06 14:37,GATE-A
EMP-1038,2025-09-02 08:13,2025-09-02 15:46,GATE-B
EMP-1014,2025-08-04 12:30,2025-08-04 16:49,GATE-B
EMP-1019,2025-08-09 11:54,2025-08-09 17:20,SHOP-2
EMP-1038,2025-08-28 08:22,2025-08-28 16:47,GATE-B
EMP-1017,2025-08-12 07:22,2025-08-12 16:08,SHOP-2
EMP-1029,2025-08-21 07:49,2025-08-21 17:28,SHOP-2
EMP-1031,2025-08-11 21:45,2025-08-12 06:29,SHOP-1
EMP-1013,2025-08-23 08:02,2025-08-23 16:37,ADMIN-1
EMP-1009,2025-08-12 14:09,2025-08-12 19:13,SHOP-1
EMP-1038,2025-08-22 07:57,2025-08-22 16:21,GATE-B
EMP-1043,2025-08-20 07:44,2025-08-20 15:39,SHOP-1
EMP-1021,2025-08-15 07:44,,SHOP-1
EMP-1029,2025-08-04 07:56,,GATE-B
EMP-1005,2025-08-04 21:41,2025-08-05 06:15,SHOP-1
EMP-1035,2025-08-27 07:34,2025-08-27 16:19,GATE-A
EMP-1029,2025-08-06 06:46,2025-08-06 15:05,GATE-B
EMP-1001,2025-08-01 22:02,2025-08-02 06:36,SHOP-1
EMP-1033,2025-07-31 12:29,2025-07-31 17:50,GATE-A
EMP-1045,2025-08-25 07:04,2025-08-25 16:51,SHOP-1
EMP-1008,2025-09-02 07:47,2025-09-02 16:18,ADMIN-1
EMP-1020,2025-08-08 07:20,2025-08-08 16:18,ADMIN-1
EMP-1013,2025-08-07 06:51,2025-08-07 15:37,ADMIN-1
EMP-1031,2025-07-30 22:09,2025-07-31 07:09,GATE-B
EMP-1046,2025-08-20 07:18,2025-08-20 16:31,GATE-A
EMP-1004,2025-08-28 06:55,2025-08-28 17:19,SHOP-1
EMP-1035,2025-08-28 07:57,2025-08-28 16:35,GATE-A
EMP-1036,2025-08-18 08:00,2025-08-18 16:52,SHOP-1
EMP-1023,2025-08-31 09:10,2025-08-31 13:38,GATE-B
EMP-1008,2025-08-25 07:40,2025-08-25 16:09,ADMIN-1
EMP-1015,2025-08-26 07:22,2025-08-26 16:11,SHOP-1
EMP-1025,2025-08-29 07:33,2025-08-29 16:16,SHOP-1
EMP-1041,2025-08-21 08:23,2025-08-21 16:46,ADMIN-1
EMP-1013,2025-08-01 08:23,2025-08-01 17:23,ADMIN-1
EMP-1046,2025-08-29 08:16,2025-08-29 16:14,GATE-A
EMP-1048,2025-08-22 06:56,2025-08-22 14:51,GATE-A
EMP-1006,2025-08-14 06:47,2025-08-14 16:32,ADMIN-1
