invoice_line,tracking_number,ship_date,service,zone,billed_weight_lb,base_charge,residential_surcharge,declared_value_surcharge,fuel_surcharge,total_charge
1,MPS303660415078,2025-08-28,Express Saver,6,14,30.00,4.50,0.00,5.52,40.02
2,MPS326541399445,2025-08-29,Express Saver,6,4,21.30,0.00,0.00,3.41,24.71
3,MPS108055874341,2025-09-01,Express Saver,3,4,15.45,4.50,3.15,3.19,26.29
4,MPS669430541989,2025-09-01,Express Saver,6,9,25.65,4.50,0.00,4.82,34.97
5,MPS758303675765,2025-09-01,Express Saver,3,1,13.20,4.50,2.10,2.83,22.63
6,MPS139833113308 ,2025-09-02,Ground,3,44,23.68,4.50,0.00,4.60,32.78
7,MPS161451564114,2025-09-02,Ground,3,3,8.96,4.50,0.00,2.20,15.66
8,MPS183640217081,2025-09-02,Priority Overnight,2,3,22.12,4.50,0.00,4.34,30.96
9,MPS191497839854,2025-09-02,Express Saver,7,1,20.55,4.50,4.20,4.09,33.34
10,MPS210995720254,2025-09-02,Express Saver,5,20,32.55,4.50,0.00,6.05,43.10
11,MPS265657516246,2025-09-02,Ground,4,4,10.40,4.50,0.00,2.43,17.33
12,MPS332037013356,2025-09-02,Express Saver,8,12,32.70,4.50,0.00,6.07,43.27
13,MPS341197820775,2025-09-02,Ground,4,41,24.48,4.50,0.00,4.73,33.71
14,MPS408174817321,2025-09-02,Ground,5,1,10.24,0.00,0.00,1.67,11.91
15,MPS409143315630,2025-09-02,Ground,3,6,10.08,4.50,0.00,2.38,16.96
16,MPS445760560313,2025-09-02,Ground,7,1,12.16,4.50,0.00,2.72,19.38
17,MPS463372717456,2025-09-02,Ground,7,20,20.80,4.50,3.15,4.13,32.58
18,MPS499942207324,2025-09-02,Express Saver,6,24,38.55,0.00,0.00,6.29,44.84
19,MPS511200774321,2025-09-03,Ground,7,5,13.92,4.50,0.00,3.01,21.43
20,MPS516050743505,2025-09-02,Ground,8,4,14.56,4.50,0.00,3.11,22.17
21,MPS527230029980,2025-09-02,Ground,8,7,16.00,0.00,0.00,2.61,18.61
22,MPS536377431848,2025-09-02,Ground,6,1,11.20,4.50,0.00,2.56,18.26
23,MPS559932565172,2025-09-02,Express Saver,8,5,26.10,0.00,0.00,4.26,30.36
24,MPS561076031857,2025-09-02,Ground,6,7,13.76,0.00,5.25,2.25,21.26
25,MPS619381261012,2025-09-02,Express Saver,6,18,33.45,4.50,0.00,6.19,44.14
26,MPS627197299258,2025-09-02,Ground,3,35,20.48,4.50,0.00,4.08,29.06
27,MPS629514235296,2025-09-02,Ground,5,19,17.44,0.00,4.20,2.85,24.49
28,MPS632035552059,2025-09-02,Ground,4,1,9.12,4.50,2.10,2.22,17.94
29,MPS641877728723,2025-09-02,Ground,7,3,13.12,0.00,6.30,2.14,21.56
30,MPS698813465567,2025-09-02,Ground,4,44,25.76,4.50,0.00,4.94,35.20
31,MPS710656523217,2025-09-02,Ground,5,23,19.20,4.50,0.00,3.87,27.57
32,MPS725563963276,2025-09-02,Express Saver,6,45,56.70,4.50,0.00,9.99,71.19
33,MPS756699258653,2025-09-02,Express Saver,8,3,24.30,0.00,0.00,3.97,28.27
34,MPS764341058739,2025-09-02,Ground,4,10,12.64,4.50,0.00,2.80,19.94
35,MPS799594587051,2025-09-02,Ground,4,1,9.12,4.50,4.20,2.22,20.04
36,MPS838981935401,2025-09-02,Ground,6,4,12.48,0.00,0.00,2.04,14.52
37,MPS873603194446,2025-09-02,Ground,7,1,12.16,0.00,0.00,1.98,14.14
38,MPS896974947582,2025-09-02,Ground,8,34,28.96,0.00,6.30,4.73,39.99
39,MPS905033492972,2025-09-02,Ground,3,7,10.40,4.50,0.00,2.43,17.33
40,MPS912402712899,2025-09-02,Express Saver,8,9,30.85,4.50,0.00,5.61,40.96
41,MPS957920546225,2025-09-02,Ground,7,8,15.36,4.50,5.25,3.24,28.35
42,MPS140158321778,2025-09-03,Express Saver,8,3,24.30,4.50,5.25,4.70,38.75
43,MPS251171544906,2025-09-03,Ground,5,4,11.36,0.00,0.00,1.85,13.21
44,MPS255902658458,2025-09-03,Priority Overnight,3,2,23.80,0.00,0.00,3.88,27.68
45,MPS277557009849,2025-09-03,Ground,5,3,11.04,0.00,0.00,1.80,12.84
46, mps299195187206,2025-09-03,Ground,5,17,16.64,4.50,0.00,3.45,24.59
47,MPS338427913099,2025-09-03,Ground,8,19,21.76,4.50,0.00,4.29,30.55
48,MPS386245616323,2025-09-03,Ground,5,4,11.36,0.00,0.00,1.85,13.21
49,MPS458382776885,2025-09-03,Ground,6,3,12.00,0.00,0.00,1.96,13.96
50,MPS468340850814,2025-09-03,Express Saver,3,4,15.45,4.50,0.00,3.26,23.21
51,MPS480188841612,2025-09-03,Ground,3,7,10.40,0.00,0.00,1.70,12.10
52,MPS493874533620,2025-09-03,Express Saver,6,19,34.20,4.50,2.10,6.32,47.12
53,MPS570766323908,2025-09-03,Ground,7,16,19.04,0.00,0.00,3.11,22.15
54,MPS688539905614,2025-09-03,Express Saver,4,38,44.25,4.50,2.10,7.96,58.81
55,MPS758917841468,2025-09-03,Ground,4,14,14.24,0.00,2.10,2.32,18.66
56,MPS806906421408,2025-09-03,Express Saver,8,6,27.15,0.00,0.00,4.43,31.58
57,MPS823147739448,2025-09-03,Ground,6,10,15.04,4.50,0.00,3.19,22.73
58,MPS850779954409,2025-09-03,Ground,5,41,26.56,4.50,2.10,5.07,38.23
59,MPS868443433246,2025-09-03,Ground,2,3,7.84,4.50,0.00,2.01,14.35
60,MPS948076136448,2025-09-03,Ground,6,4,12.48,0.00,0.00,2.04,14.52
61,MPS948161641409,2025-09-03,Express Saver,4,24,33.15,4.50,0.00,6.14,43.79
62,MPS952214177698,2025-09-03,Ground,6,2,11.52,0.00,0.00,1.88,13.40
63,MPS958998402981,2025-09-03,Ground,8,3,14.08,4.50,2.10,3.03,23.71
64,MPS106418941218,2025-09-04,Priority Overnight,4,31,62.30,4.50,3.15,10.90,80.85
65,MPS109680179586,2025-09-04,Ground,4,26,18.72,4.50,2.10,3.79,29.11
66,mps120167252401,2025-09-04,Express Saver,4,40,45.75,4.50,0.00,8.20,58.45
67,MPS211066319139,2025-09-04,Ground,2,16,12.32,4.50,0.00,2.75,19.57
68,MPS219719144366,2025-09-05,Ground,3,53,26.88,4.50,6.30,5.12,42.80
69,MPS340981889607,2025-09-04,Ground,2,41,20.64,4.50,3.15,4.10,32.39
70,MPS391308979344,2025-09-04,Ground,6,41,28.48,4.50,0.00,5.38,38.36
71,MPS391694790767,2025-09-04,Express Saver,6,34,47.25,4.50,0.00,8.45,60.20
72,MPS472562359455,2025-09-04,Ground,8,5,15.04,4.50,0.00,3.19,22.73
73,MPS481631114118,2025-09-04,Express Saver,5,4,19.35,0.00,6.30,3.16,28.81
74,MPS514812357773,2025-09-04,Ground,3,26,17.28,0.00,0.00,2.82,20.10
75,MPS531171261777,2025-09-04,Ground,6,16,17.60,0.00,0.00,2.87,20.47
76,mps604105774510 ,2025-09-04,Express Saver,6,27,41.10,4.50,0.00,7.44,53.04
77,MPS607799564178,2025-09-04,Ground,6,6,13.28,4.50,0.00,2.90,20.68
78,MPS648395318932,2025-09-04,Ground,3,1,8.16,0.00,0.00,1.33,9.49
79,MPS657330094172,2025-09-04,Ground,4,20,16.48,4.50,2.10,3.42,26.50
80,MPS678215979136,2025-09-04,Ground,5,10,13.92,0.00,0.00,2.27,16.19
81,MPS827751877467,2025-09-05,Ground,3,54,27.36,0.00,0.00,4.47,31.83
82,MPS839019834006,2025-09-04,Ground,7,43,31.36,4.50,2.10,5.85,43.81
83,MPS847855519861,2025-09-04,Ground,5,42,26.88,0.00,0.00,4.39,31.27
84,MPS894418706084,2025-09-04,Ground,6,13,16.32,4.50,0.00,3.40,24.22
85,MPS969983806713,2025-09-05,Ground,5,4,11.36,4.50,0.00,2.59,18.45
86,MPS983002225904,2025-09-04,Ground,3,50,25.92,4.50,0.00,4.96,35.38
87,MPS163174839555,2025-09-05,Ground,3,20,15.04,4.50,0.00,3.19,22.73
88,MPS188939592495,2025-09-05,Priority Overnight,8,5,42.00,4.50,4.20,7.59,58.29
89,MPS197673051148,2025-09-05,Ground,2,17,12.64,4.50,2.10,2.80,22.04
90,MPS243228397208,2025-09-05,Ground,4,4,10.40,4.50,0.00,2.43,17.33
91,MPS250687960064,2025-09-05,Express Saver,7,24,41.25,4.50,4.20,7.47,57.42
92,MPS316144801861,2025-09-05,Express Saver,2,1,11.40,0.00,0.00,1.86,13.26
93,MPS372275082631,2025-09-08,Ground,4,19,16.16,4.50,0.00,3.37,24.03
94,MPS419157395153,2025-09-08,Express Saver,3,12,21.45,0.00,0.00,3.50,24.95
95,MPS504590186001,2025-09-05,Ground,5,39,25.60,0.00,3.15,4.18,32.93
96,MPS519367600890,2025-09-05,Express Saver,3,9,19.20,0.00,0.00,3.13,22.33
97,MPS550294607069,2025-09-05,Ground,4,5,10.72,4.50,0.00,2.48,17.70
98,MPS590692084330,2025-09-08,Express Saver,2,1,11.40,0.00,3.15,1.86,16.41
99,mps613887262843,2025-09-05,Ground,6,58,35.84,0.00,0.00,5.85,41.69
100,MPS659074314177,2025-09-05,Express Saver,6,3,20.40,4.50,0.00,4.06,28.96
101,MPS695972797351,2025-09-05,Ground,7,40,29.92,0.00,0.00,4.88,34.80
102,MPS719695386147,2025-09-08,Express Saver,5,5,20.25,0.00,6.30,3.30,29.85
103,MPS757168036737,2025-09-08,Express Saver,4,33,40.20,0.00,0.00,6.56,46.76
104,MPS784911750576,2025-09-05,Ground,6,6,13.28,4.50,5.25,2.90,25.93
105,MPS816264347062,2025-09-08,Ground,8,7,16.00,4.50,5.25,3.35,29.10
106,MPS840968215757,2025-09-05,Ground,4,4,10.40,0.00,0.00,1.70,12.10
107,MPS842380828483,2025-09-05,Express Saver,3,4,15.45,0.00,0.00,2.52,17.97
108,MPS927790932187,2025-09-05,Ground,8,2,13.60,4.50,3.15,2.95,24.20
109,MPS954543316422,2025-09-05,Ground,4,15,14.56,4.50,0.00,3.11,22.17
110,MPS961441390032,2025-09-05,Ground,8,1,13.12,0.00,0.00,2.14,15.26
111,MPS112882026878,2025-09-08,Ground,3,19,14.72,4.50,2.10,3.23,24.55
112,MPS140517664809,2025-09-08,Express Saver,6,3,20.40,4.50,3.15,4.18,32.23
113,MPS160373237809,2025-09-08,Ground,8,4,14.56,0.00,2.10,2.45,19.11
114,  MPS202199103729 ,2025-09-08,Ground,4,17,15.36,4.50,0.00,3.34,23.20
115,MPS222852697742,2025-09-08,Ground,6,20,19.36,4.50,6.30,4.01,34.17
116,MPS186346093224,2025-09-10,Express Saver,8,37,56.10,4.50,0.00,10.18,70.78
117,MPS247870376305,2025-09-08,Ground,6,2,11.52,4.50,6.30,2.69,25.01
118,MPS262257928394,2025-09-08,Express Saver,2,12,19.20,4.50,3.15,3.98,30.83
119,  MPS296583361699 ,2025-09-08,Ground,6,31,24.16,0.00,6.30,4.06,34.52
120,MPS298186595043,2025-09-08,Priority Overnight,3,4,26.18,0.00,0.00,4.40,30.58
121,MPS355296453824,2025-09-08,Ground,3,3,8.96,0.00,0.00,1.51,10.47
122,MPS484654782157,2025-09-08,Ground,6,68,40.16,4.50,0.00,7.50,52.16
123,MPS561674397458,2025-09-08,Ground,4,18,15.68,4.50,0.00,3.39,23.57
124,MPS562999026622,2025-09-08,Priority Overnight,6,10,42.84,4.50,0.00,7.95,55.29
125,MPS612320245030,2025-09-08,Express Saver,6,10,26.55,0.00,0.00,4.46,31.01
126,MPS637337034789,2025-09-08,Ground,6,3,12.00,4.50,0.00,2.77,19.27
127,MPS643803317841,2025-09-08,Ground,7,2,12.64,0.00,3.15,2.12,17.91
128,MPS652399674731,2025-09-08,Ground,2,19,13.28,0.00,0.00,2.23,15.51
129,MPS683301297219,2025-09-08,Ground,5,4,11.36,0.00,3.15,1.91,16.42
130,MPS747899538413,2025-09-08,Ground,5,18,17.12,4.50,0.00,3.63,25.25
131,MPS806151876765,2025-09-08,Ground,3,20,15.04,4.50,2.10,3.28,24.92
132,MPS824096778239,2025-09-08,Ground,6,4,12.48,0.00,2.10,2.10,16.68
133,MPS825377646290,2025-09-08,Express Saver,4,32,39.45,4.50,5.25,7.38,56.58
134,MPS832378483034,2025-09-08,Express Saver,7,22,39.45,0.00,0.00,6.63,46.08
135,MPS870884204471,2025-09-08,Ground,3,14,12.96,4.50,0.00,2.93,20.39
136,MPS956452179401,2025-09-08,Ground,5,12,14.72,0.00,0.00,2.47,17.19
137,MPS971136234789,2025-09-09,Ground,3,70,33.12,4.50,0.00,6.14,43.76
138,MPS984025145957,2025-09-08,Ground,2,17,12.64,4.50,0.00,2.88,20.02
139,MPS998854165320,2025-09-08,Ground,2,35,18.72,4.50,6.30,3.90,33.42
140,MPS104492278394,2025-09-09,Ground,5,3,11.04,4.50,0.00,2.61,18.15
141,MPS192672389933,2025-09-09,Priority Overnight,4,14,41.30,4.50,0.00,7.69,53.49
142,MPS195167420858,2025-09-09,Express Saver,3,2,13.95,0.00,0.00,2.34,16.29
143,MPS255123227172,2025-09-09,Priority Overnight,3,26,51.94,0.00,0.00,8.73,60.67
144,MPS290153066649,2025-09-09,Ground,7,5,13.92,4.50,0.00,3.09,21.51
145,MPS294119431973,2025-09-09,Ground,4,5,10.72,0.00,0.00,1.80,12.52
146,MPS310511529945,2025-09-09,Ground,5,17,16.64,4.50,0.00,3.55,24.69
147,MPS332258055467,2025-09-09,Ground,4,18,15.68,4.50,3.15,3.39,26.72
148,MPS374455722253,2025-09-09,Priority Overnight,3,2,23.80,4.50,3.15,4.75,36.20
149,MPS402057761053,2025-09-09,Ground,5,20,17.92,4.50,0.00,3.77,26.19
150,MPS426895816531,2025-09-09,Ground,4,4,10.40,4.50,0.00,2.50,17.40
151,MPS429027683223,2025-09-09,Express Saver,8,10,30.90,0.00,2.10,5.19,38.19
152,MPS429361606701,2025-09-09,Priority Overnight,8,6,43.40,0.00,0.00,7.29,50.69
153,MPS434041920284,2025-09-09,Priority Overnight,4,4,28.98,4.50,0.00,5.62,39.10
154,MPS485231931841,2025-09-09,Ground,6,2,11.52,4.50,5.25,2.69,23.96
155,MPS553167782309,2025-09-09,Express Saver,6,51,61.80,0.00,0.00,10.38,72.18
156,MPS576502951429,2025-09-09,Ground,5,32,22.88,4.50,0.00,4.60,31.98
157,MPS584915243713,2025-09-09,Ground,4,29,20.00,4.50,0.00,4.12,28.62
158,MPS673688875425,2025-09-10,Priority Overnight,4,14,41.30,4.50,4.20,7.69,57.69
159,MPS733352381709,2025-09-09,Ground,5,24,19.52,4.50,0.00,4.04,28.06
160,MPS758970500004,2025-09-09,Ground,2,3,7.84,0.00,2.10,1.32,11.26
161,MPS766540148740,2025-09-09,Ground,4,7,11.52,0.00,0.00,1.94,13.46
162,MPS779525921865,2025-09-09,Ground,4,1,9.12,4.50,0.00,2.29,15.91
163,MPS805265428032,2025-09-09,Ground,4,9,12.32,4.50,0.00,2.83,19.65
164,MPS818467705215,2025-09-09,Ground,5,15,15.84,0.00,0.00,2.66,18.50
165,MPS821077745752,2025-09-09,Express Saver,3,5,16.20,0.00,0.00,2.72,18.92
166,MPS873198072594,2025-09-10,Ground,6,1,11.20,4.50,0.00,2.64,18.34
167,MPS907837535975,2025-09-09,Ground,5,5,11.84,4.50,3.15,2.75,22.24
168,MPS930951753102,2025-09-09,Ground,8,21,22.72,4.50,0.00,4.57,31.79
169,MPS939108004524,2025-09-09,Priority Overnight,6,1,30.80,4.50,5.25,5.93,46.48
170,MPS113101686721,2025-09-10,Ground,2,21,13.92,0.00,0.00,2.34,16.26
171,MPS115500104439,2025-09-10,Express Saver,4,21,30.75,4.50,0.00,5.92,41.17
172,MPS125631816467,2025-09-10,Ground,7,19,20.32,4.50,0.00,4.17,28.99
173,MPS158129422038 ,2025-09-10,Ground,7,14,18.08,4.50,0.00,3.79,26.37
174,MPS203175574132,2025-09-10,Ground,4,1,9.12,0.00,0.00,1.53,10.65
175,MPS228712770074,2025-09-10,Express Saver,8,4,25.20,4.50,0.00,4.99,34.69
176,MPS236300113415,2025-09-10,Priority Overnight,2,1,19.88,0.00,0.00,3.34,23.22
177,MPS252739406184,2025-09-10,Ground,6,9,14.56,4.50,0.00,3.20,22.26
178,MPS261942578397,2025-09-10,Ground,4,65,33.76,0.00,0.00,5.67,39.43
179,MPS263245394472,2025-09-10,Ground,4,3,9.92,4.50,0.00,2.42,16.84
180,MPS266278297644,2025-09-10,Ground,3,65,31.20,4.50,0.00,6.00,41.70
181,MPS280277328951,2025-09-11,Ground,3,14,12.96,4.50,0.00,2.93,20.39
182,MPS387236022355,2025-09-10,Ground,6,15,17.28,4.50,0.00,3.66,25.44
183,MPS416296611734,2025-09-10,Ground,8,11,17.92,0.00,0.00,3.01,20.93
184,MPS478620899253,2025-09-10,Ground,7,3,13.12,0.00,0.00,2.20,15.32
185,MPS516731186487,2025-09-10,Ground,8,8,16.48,4.50,0.00,3.52,24.50
186,MPS528188694133,2025-09-10,Express Saver,7,15,33.15,4.50,0.00,6.33,43.98
187,MPS553433639502,2025-09-10,Ground,5,9,13.44,0.00,0.00,2.26,15.70
188,MPS595868080659,2025-09-10,Ground,3,10,11.52,4.50,0.00,2.69,18.71
189,MPS598752768052,2025-09-10,Express Saver,5,22,34.20,0.00,0.00,5.75,39.95
190,MPS604714205046,2025-09-10,Ground,2,4,8.16,4.50,0.00,2.13,14.79
191,MPS629231060093,2025-09-10,Ground,3,2,8.64,0.00,2.10,1.45,12.19
192,MPS685340901400,2025-09-10,Ground,3,2,8.64,4.50,2.10,2.21,17.45
193,MPS706924503429,2025-09-10,Ground,5,5,11.84,0.00,0.00,1.99,13.83
194,MPS740842698388,2025-09-10,Ground,6,13,16.32,0.00,2.10,2.74,21.16
195,MPS743621083453,2025-09-11,Ground,4,16,14.88,0.00,3.15,2.50,20.53
196,MPS752340230138,2025-09-10,Ground,6,1,11.20,4.50,4.20,2.64,22.54
197,MPS776525766057,2025-09-10,Express Saver,8,2,23.40,0.00,0.00,3.93,27.33
198,MPS788624620600,2025-09-10,Priority Overnight,4,5,30.24,0.00,4.20,5.08,39.52
199,MPS810252643633,2025-09-10,Ground,7,1,12.16,4.50,0.00,2.80,19.46
200,MPS815544811101,2025-09-10,Ground,3,2,8.64,4.50,0.00,2.21,15.35
201,MPS855888038645,2025-09-11,Ground,7,4,13.44,0.00,5.25,2.26,20.95
202,MPS893881176816,2025-09-10,Express Saver,8,7,28.05,0.00,0.00,4.71,32.76
203,MPS895181906992,2025-09-10,Priority Overnight,7,12,48.86,4.50,0.00,8.96,62.32
204,MPS904161477845,2025-09-10,Express Saver,4,7,19.80,0.00,0.00,3.33,23.13
205,MPS935024103702,2025-09-10,Ground,2,7,9.28,4.50,0.00,2.32,16.10
206,MPS943790006365,2025-09-10,Express Saver,5,19,31.80,0.00,0.00,5.34,37.14
207,MPS102834466733,2025-09-12,Ground,3,7,10.40,4.50,0.00,2.50,17.40
208,MPS150199581237,2025-09-11,Ground,5,5,11.84,4.50,0.00,2.75,19.09
209,MPS159646259338,2025-09-11,Express Saver,8,4,25.20,4.50,0.00,4.99,34.69
210,MPS201771656942,2025-09-11,Ground,4,3,9.92,4.50,4.20,2.42,21.04
211,MPS214315933504,2025-09-11,Ground,3,4,9.28,0.00,0.00,1.56,10.84
212,MPS301202660226,2025-09-11,Ground,5,9,13.44,4.50,0.00,3.01,20.95
213,MPS338908313282,2025-09-11,Express Saver,4,17,27.60,4.50,4.20,5.39,41.69
214,MPS398213619102,2025-09-11,Priority Overnight,4,2,26.60,4.50,0.00,5.22,36.32
215,MPS401422556312,2025-09-11,Ground,6,10,15.04,0.00,0.00,2.53,17.57
216,MPS434425787529,2025-09-11,Ground,7,3,13.12,0.00,0.00,2.20,15.32
217,MPS277314115671,2025-09-03,Ground,2,5,8.64,0.00,0.00,1.41,10.05
218,MPS471797776567,2025-09-11,Ground,3,36,20.80,4.50,0.00,4.25,29.55
219,MPS486247053687,2025-09-11,Express Saver,6,18,33.45,0.00,0.00,5.62,39.07
220,MPS517343052266,2025-09-11,Ground,6,25,21.60,4.50,4.20,4.38,34.68
221,MPS517638167585,2025-09-11,Ground,5,13,15.04,4.50,3.15,3.28,25.97
222,MPS522308945016,2025-09-11,Ground,4,1,9.12,4.50,0.00,2.29,15.91
223,MPS617425302892,2025-09-11,Ground,8,11,17.92,4.50,2.10,3.77,28.29
224,MPS633917295935,2025-09-11,Express Saver,3,3,14.70,4.50,0.00,3.23,22.43
225,MPS636926480043,2025-09-11,Ground,3,14,12.96,4.50,0.00,2.93,20.39
226,MPS706821975882,2025-09-11,Ground,3,46,24.48,0.00,0.00,4.11,28.59
227,MPS709204187994,2025-09-11,Ground,8,67,44.80,4.50,0.00,8.28,57.58
228,MPS718084723365,2025-09-11,Express Saver,3,70,64.95,0.00,0.00,10.91,75.86
229,MPS680089367535,2025-09-16,Ground,2,39,20.00,0.00,0.00,3.42,23.42
230,MPS797178447044,2025-09-12,Ground,4,18,15.68,0.00,6.30,2.63,24.61
231,MPS797378639633,2025-09-11,Express Saver,3,4,15.45,4.50,2.10,3.35,25.40
232,MPS884985760007,2025-09-11,Priority Overnight,5,14,44.80,4.50,0.00,8.28,57.58
233,MPS896703831776,2025-09-11,Ground,6,1,11.20,0.00,5.25,1.88,18.33
234,MPS908885605833,2025-09-11,Ground,5,4,11.36,0.00,0.00,1.91,13.27
235,MPS914848944488,2025-09-11,Express Saver,6,4,21.30,0.00,0.00,3.58,24.88
236,MPS986994156497,2025-09-11,Ground,6,30,23.68,4.50,0.00,4.73,32.91
237,MPS988571856359,2025-09-11,Ground,4,7,11.52,4.50,6.30,2.69,25.01
238,MPS997994429180,2025-09-11,Ground,7,14,18.08,4.50,6.30,3.79,32.67
239,MPS146170452005,2025-09-12,Ground,4,15,14.56,0.00,0.00,2.45,17.01
240,MPS154539891150,2025-09-12,Ground,6,2,11.52,0.00,0.00,1.94,13.46
241,MPS220411827503,2025-09-12,Priority Overnight,7,40,88.06,4.50,0.00,15.55,108.11
242,MPS230713483653,2025-09-15,Express Saver,4,2,15.90,4.50,0.00,3.43,23.83
243,MPS427997279759,2025-09-13,Priority Overnight,4,3,27.72,0.00,3.15,4.66,35.53
244,MPS430327779109,2025-09-15,Ground,5,34,23.68,0.00,0.00,3.98,27.66
245,MPS458772273920,2025-09-15,Ground,5,17,16.64,4.50,0.00,3.55,24.69
246,MPS559089368136,2025-09-12,Ground,8,50,36.64,0.00,0.00,6.16,42.80
247,MPS625645232449,2025-09-12,Ground,8,38,30.88,4.50,0.00,5.94,41.32
248,MPS561630757331,2025-09-30,Express Saver,8,37,56.10,0.00,0.00,9.69,65.79
249,MPS705783331231,2025-09-15,Priority Overnight,8,16,57.96,0.00,0.00,9.74,67.70
250,MPS728177260625,2025-09-12,Ground,8,56,39.52,0.00,0.00,6.64,46.16
251,MPS745134786142,2025-09-15,Ground,4,4,10.40,4.50,0.00,2.50,17.40
252,MPS770057946012,2025-09-12,Priority Overnight,2,5,24.36,4.50,0.00,4.85,33.71
253,MPS848705446457,2025-09-12,Express Saver,3,15,23.70,0.00,3.15,3.98,30.83
254,MPS872813050198,2025-09-12,Ground,4,3,9.92,4.50,0.00,2.42,16.84
255,MPS900518981793,2025-09-15,Priority Overnight,8,5,42.00,0.00,0.00,7.06,49.06
256,MPS947490850661,2025-09-12,Ground,4,15,14.56,4.50,0.00,3.20,22.26
257,MPS948015203322,2025-09-12,Ground,6,1,11.20,0.00,0.00,1.88,13.08
258,MPS957588704462,2025-09-12,Ground,3,65,31.20,4.50,2.10,6.00,43.80
259,MPS971695537015,2025-09-15,Ground,2,6,8.96,0.00,0.00,1.51,10.47
260,MPS978129621474,2025-09-15,Ground,8,17,20.80,0.00,0.00,3.49,24.29
261,MPS979715340050,2025-09-12,Priority Overnight,4,2,26.60,4.50,5.25,5.22,41.57
262,MPS981551199877,2025-09-13,Ground,3,17,13.92,4.50,0.00,3.09,21.51
263,MPS142187492763,2025-09-15,Express Saver,5,36,45.75,4.50,2.10,8.60,60.95
264,MPS168221207949,2025-09-15,Ground,3,1,8.16,0.00,3.15,1.40,12.71
265,MPS206794349055,2025-09-15,Ground,5,5,11.84,0.00,0.00,2.03,13.87
266,MPS211690286312,2025-09-15,Express Saver,6,4,21.30,4.50,2.10,4.42,32.32
267,MPS275807855638,2025-09-15,Express Saver,3,39,41.70,0.00,0.00,7.14,48.84
268,MPS280156363786,2025-09-16,Express Saver,5,27,38.40,0.00,0.00,6.57,44.97
269,MPS543112010135,2025-09-15,Ground,5,5,11.84,4.50,6.30,2.80,25.44
270,MPS549612612079,2025-09-15,Ground,2,14,11.52,4.50,0.00,2.74,18.76
271,MPS596987201926,2025-09-15,Ground,8,14,19.36,4.50,2.10,4.08,30.04
272,MPS605918088429,2025-09-15,Ground,7,4,13.44,4.50,0.00,3.07,21.01
273,MPS640889408195,2025-09-15,Ground,5,19,17.44,0.00,0.00,2.99,20.43
274,MPS643545489210,2025-09-15,Ground,4,17,15.36,4.50,3.15,3.40,26.41
275,MPS719796743756,2025-09-15,Express Saver,2,29,31.35,4.50,2.10,6.14,44.09
276,MPS739557147542,2025-09-15,Express Saver,5,5,20.25,0.00,6.30,3.47,30.02
277,MPS744893751667,2025-09-15,Ground,5,19,17.44,0.00,0.00,2.99,20.43
278,mps793778031968 ,2025-09-15,Priority Overnight,5,20,52.50,4.50,3.15,9.76,69.91
279,MPS795598657599,2025-09-15,Express Saver,3,3,14.70,4.50,3.15,3.23,25.58
280,MPS873045179545,2025-09-15,Express Saver,3,2,13.95,4.50,2.10,3.16,23.71
281,MPS885629629073,2025-09-16,Ground,5,20,17.92,4.50,5.25,3.84,31.51
282,MPS903868455255,2025-09-15,Ground,7,1,12.16,4.50,0.00,2.85,19.51
283,MPS920839237292,2025-09-15,Ground,4,4,10.40,0.00,0.00,1.78,12.18
284,MPS118935398640,2025-09-16,Express Saver,4,49,52.80,4.50,2.10,9.81,69.21
285,MPS125964414749,2025-09-16,Ground,3,9,11.04,4.50,0.00,2.66,18.20
286,MPS149840384954,2025-09-16,Ground,7,53,35.84,4.50,0.00,6.91,47.25
287,MPS151308271845,2025-09-16,Ground,4,42,24.96,4.50,0.00,5.04,34.50
288,MPS157097185426,2025-09-17,Ground,6,15,17.28,4.50,3.15,3.73,28.66
289,MPS179185544723,2025-09-16,Ground,4,2,9.60,4.50,4.20,2.41,20.71
290,MPS185782124866,2025-09-16,Ground,3,4,9.28,4.50,0.00,2.36,16.14
291,MPS202442385150,2025-09-16,Ground,5,69,37.92,4.50,0.00,7.26,49.68
292,mps231585221258,2025-09-16,Ground,4,5,10.72,0.00,0.00,1.84,12.56
293,MPS269060657863,2025-09-16,Ground,5,39,25.60,0.00,0.00,4.38,29.98
294,MPS315551083765,2025-09-16,Ground,3,5,9.60,4.50,0.00,2.41,16.51
295,MPS329935490630,2025-09-16,Express Saver,4,5,18.15,4.50,4.20,3.88,30.73
296,MPS347384204200,2025-09-16,Ground,3,19,14.72,4.50,0.00,3.29,22.51
297,MPS351066782895,2025-09-16,Ground,4,1,9.12,0.00,0.00,1.56,10.68
298,MPS401654973854,2025-09-16,Express Saver,5,11,25.20,4.50,1.05,5.08,35.83
299,MPS414740019526,2025-09-17,Ground,5,10,13.92,0.00,0.00,2.38,16.30
300,MPS449521722904,2025-09-16,Ground,4,4,10.40,0.00,2.10,1.78,14.28
301,MPS873045179545,2025-09-15,Express Saver,3,2,13.95,4.50,2.10,3.16,23.71
302,MPS484808253854,2025-09-16,Express Saver,2,1,11.40,0.00,0.00,1.95,13.35
303,MPS499571286422,2025-09-16,Ground,5,41,26.56,0.00,0.00,4.55,31.11
304,MPS504866457923,2025-09-16,Priority Overnight,6,30,69.72,4.50,0.00,12.71,86.93
305,MPS508991006309,2025-09-16,Ground,7,1,12.16,0.00,0.00,2.08,14.24
306,MPS516952805010,2025-09-16,Ground,6,18,18.56,0.00,0.00,3.18,21.74
307,MPS616751392909,2025-09-16,Express Saver,5,2,17.70,0.00,0.00,3.03,20.73
308,MPS635925717610,2025-09-16,Ground,3,2,8.64,0.00,3.15,1.48,13.27
309,MPS649655095955,2025-09-16,Ground,5,18,17.12,0.00,0.00,2.93,20.05
310,MPS706055847868,2025-09-16,Ground,4,31,20.64,4.50,4.20,4.30,33.64
311,MPS713413673530,2025-09-16,Express Saver,6,5,22.20,0.00,2.10,3.80,28.10
312,MPS734753829502,2025-09-16,Ground,3,2,8.64,4.50,0.00,2.25,15.39
313,MPS746024116904,2025-09-16,Ground,7,3,13.12,4.50,4.20,3.02,24.84
314,MPS750444325741,2025-09-16,Express Saver,6,2,19.65,4.50,0.00,4.13,28.28
315,MPS773438231024,2025-09-16,Priority Overnight,3,10,33.18,4.50,4.20,6.45,48.33
316,MPS836098603543,2025-09-16,Priority Overnight,6,1,30.80,0.00,2.10,5.27,38.17
317,MPS850674287060,2025-09-16,Ground,8,4,14.56,4.50,0.00,3.26,22.32
318,MPS854854189552,2025-09-16,Express Saver,6,5,22.20,4.50,0.00,4.57,31.27
319,MPS862665161250,2025-09-16,Express Saver,2,2,12.15,0.00,0.00,2.08,14.23
320,MPS875877990892,2025-09-16,Express Saver,5,19,31.80,4.50,6.30,6.21,48.81
321,MPS900936650081,2025-09-16,Express Saver,6,1,18.75,0.00,3.15,3.21,25.11
322,MPS970661688599,2025-09-17,Ground,4,4,10.40,0.00,0.00,1.78,12.18
323,MPS972710263313,2025-09-16,Ground,3,6,10.08,4.50,2.10,2.50,19.18
324,MPS144063675001,2025-09-17,Ground,4,12,13.44,4.50,0.00,3.07,21.01
325,MPS147064789491,2025-09-17,Ground,6,3,12.00,0.00,5.25,2.02,19.27
326,MPS161358597055,2025-09-17,Express Saver,3,21,28.20,4.50,0.00,5.60,38.30
327,MPS188356637799,2025-09-17,Ground,3,35,20.48,0.00,0.00,3.51,23.99
328,MPS206559538195,2025-09-17,Ground,4,17,15.36,4.50,0.00,3.34,23.20
329,MPS291668314948,2025-09-17,Express Saver,5,2,17.70,4.50,0.00,3.80,26.00
330,MPS396336354764,2025-09-17,Ground,6,13,16.32,0.00,3.15,2.79,22.26
331,MPS436143525752,2025-09-17,Express Saver,5,1,16.95,0.00,0.00,2.90,19.85
332,MPS462408924784,2025-09-17,Ground,6,3,12.00,4.50,0.00,2.82,19.32
333,MPS465908795346,2025-09-17,Ground,7,5,13.92,0.00,0.00,2.38,16.30
334,MPS474715386984,2025-09-17,Ground,6,38,27.20,4.50,0.00,5.43,37.13
335,MPS510048281535,2025-09-17,Express Saver,2,3,12.75,0.00,0.00,2.18,14.93
336, MPS512269241816,2025-09-17,Ground,5,13,15.04,4.50,0.00,3.35,22.89
337,MPS532547732516,2025-09-17,Ground,2,4,8.16,4.50,0.00,2.17,14.83
338,MPS537398188113,2025-09-17,Ground,2,12,10.88,4.50,3.15,2.63,21.16
339,MPS540565564825,2025-09-17,Ground,5,1,10.24,0.00,3.15,1.75,15.14
340,MPS554481249998,2025-09-17,Ground,3,3,8.96,4.50,0.00,2.30,15.76
341,MPS565625771677,2025-09-17,Ground,5,4,11.36,4.50,5.25,2.72,23.83
342,MPS665587681869,2025-09-17,Ground,4,3,9.92,0.00,0.00,1.70,11.62
343,MPS455609407590,2025-09-12,Express Saver,7,26,43.05,0.00,0.00,7.23,50.28
344,MPS684870515145,2025-09-17,Ground,4,2,9.60,4.50,4.20,2.41,20.71
345,MPS686970381819,2025-09-17,Ground,6,29,23.20,4.50,0.00,4.74,32.44
346,MPS687320282079,2025-09-17,Ground,6,2,11.52,0.00,0.00,1.97,13.49
347,MPS687679347479,2025-09-17,Ground,5,20,17.92,4.50,0.00,3.84,26.26
348,MPS745246725091,2025-09-17,Ground,6,11,15.52,0.00,0.00,2.66,18.18
349,MPS765822801938,2025-09-17,Express Saver,2,4,13.50,0.00,0.00,2.31,15.81
350,MPS872285741262,2025-09-17,Ground,3,3,8.96,0.00,0.00,1.53,10.49
351,MPS873892110731,2025-09-17,Ground,7,18,19.84,4.50,2.10,4.17,30.61
352,MPS901410351545,2025-09-17,Ground,3,2,8.64,4.50,0.00,2.25,15.39
353,MPS945939894125,2025-09-17,Ground,5,5,11.84,4.50,0.00,2.80,19.14
354,MPS117523224107,2025-09-18,Ground,4,1,9.12,0.00,0.00,1.56,10.68
355,MPS132392840010,2025-09-19,Ground,4,4,10.40,4.50,5.25,2.55,22.70
356,MPS190391051802,2025-09-18,Ground,2,15,12.00,4.50,0.00,2.82,19.32
357,MPS210949588365,2025-09-19,Express Saver,2,3,12.75,4.50,5.25,2.95,25.45
358,MPS218046621858,2025-09-18,Ground,5,4,11.36,0.00,5.25,1.94,18.55
359,MPS221978347967,2025-09-18,Ground,2,32,17.60,4.50,0.00,3.78,25.88
360,MPS267385999509,2025-09-18,Priority Overnight,6,24,61.60,4.50,0.00,11.32,77.42
361,MPS282599213073,2025-09-18,Express Saver,5,4,19.35,0.00,0.00,3.31,22.66
362,MPS323185731979,2025-09-18,Priority Overnight,4,65,104.16,4.50,0.00,18.60,127.26
363,MPS329736289870,2025-09-19,Ground,5,6,12.16,4.50,3.15,2.85,22.66
364,MPS360486354742,2025-09-18,Ground,3,2,8.64,0.00,0.00,1.48,10.12
365,MPS431631534519,2025-09-18,Ground,6,19,18.88,0.00,0.00,3.23,22.11
366,MPS432516520625,2025-09-18,Ground,4,5,10.72,0.00,2.10,1.84,14.66
367,MPS480428236940,2025-09-18,Ground,6,3,13.01,4.50,0.00,2.82,20.33
368,MPS502343674471,2025-09-18,Express Saver,8,1,22.35,0.00,3.15,3.83,29.33
369,MPS568496443504,2025-09-18,Ground,8,5,15.04,0.00,1.05,2.57,18.66
370,MPS585895205125,2025-09-18,Express Saver,7,17,34.95,0.00,0.00,5.98,40.93
371,MPS595863006753,2025-09-18,Express Saver,3,15,23.70,4.50,2.10,4.83,35.13
372,MPS637283084880,2025-09-18,Express Saver,6,40,52.35,0.00,0.00,8.96,61.31
373,MPS663672199225,2025-09-18,Ground,4,24,18.08,4.50,0.00,3.87,26.45
374,MPS739557766284,2025-09-18,Ground,4,3,9.92,4.50,0.00,2.47,16.89
375,MPS759450997023,2025-09-18,Ground,6,10,15.04,4.50,2.10,3.35,24.99
376,MPS778413943193,2025-09-18,Ground,4,5,10.72,4.50,2.10,2.61,19.93
377,MPS790248902401,2025-09-18,Ground,7,14,18.08,0.00,2.10,3.10,23.28
378,MPS152801788069,2025-09-19,Ground,3,4,9.28,4.50,0.00,2.36,16.14
379,MPS165286553604,2025-09-19,Ground,4,2,9.60,0.00,0.00,1.64,11.24
380,MPS177378446259,2025-09-22,Express Saver,6,16,31.65,0.00,0.00,5.42,37.07
381,MPS220890541705,2025-09-22,Ground,3,23,16.16,0.00,0.00,2.77,18.93
382,MPS323432061305,2025-09-19,Priority Overnight,5,24,57.68,4.50,0.00,10.65,72.83
383,MPS348170465693,2025-09-19,Priority Overnight,6,2,32.06,0.00,0.00,5.49,37.55
384,MPS403906643893,2025-09-19,Express Saver,7,5,24.15,0.00,5.25,4.13,33.53
385,MPS408306732550,2025-09-20,Express Saver,3,33,37.20,4.50,0.00,7.14,48.84
386,MPS491134454182,2025-09-20,Ground,2,12,10.88,4.50,0.00,2.63,18.01
387,MPS572688548477,2025-09-19,Express Saver,8,18,38.40,4.50,0.00,7.34,50.24
388,MPS604257882726,2025-09-19,Ground,4,14,14.24,4.50,0.00,3.21,21.95
389,MPS610530294960,2025-09-22,Ground,4,4,10.40,4.50,0.00,2.55,17.45
390,MPS690755653380,2025-09-19,Ground,3,1,8.16,4.50,5.25,2.17,20.08
391,MPS706657156460,2025-09-19,Ground,4,4,10.40,0.00,0.00,1.78,12.18
392,MPS708195485462,2025-09-19,Express Saver,5,29,40.05,4.50,2.10,7.63,54.28
393,MPS733976279827,2025-09-19,Ground,2,10,10.24,4.50,0.00,2.52,17.26
394,MPS756526526326 ,2025-09-22,Ground,6,25,21.60,4.50,2.10,4.47,32.67
395,MPS761507785173,2025-09-22,Express Saver,6,14,30.00,4.50,0.00,5.91,40.41
396,MPS766291478818,2025-09-19,Ground,4,5,10.72,4.50,0.00,2.61,17.83
397,MPS835978426840,2025-09-19,Ground,4,1,9.12,4.50,6.30,2.33,22.25
398,MPS839483381004,2025-09-22,Ground,6,33,24.96,0.00,3.15,4.27,32.38
399,MPS841309331350,2025-09-19,Express Saver,4,19,29.25,4.50,0.00,5.78,39.53
400,MPS878652300810,2025-09-19,Ground,3,6,10.08,0.00,0.00,1.73,11.81
401,MPS980662021825,2025-09-19,Ground,4,19,16.16,4.50,0.00,3.54,24.20
402,MPS189907422422,2025-09-22,Priority Overnight,4,1,25.34,4.50,3.15,5.11,38.10
403,MPS112519757869,2025-09-22,Ground,5,5,11.84,4.50,4.20,2.72,23.26
404,MPS131176936020,2025-09-22,Priority Overnight,4,5,30.24,0.00,0.00,5.03,35.27
405,MPS183557796621,2025-09-22,Ground,3,20,15.04,4.50,0.00,3.25,22.79
406,MPS199295297682,2025-09-23,Ground,6,2,11.52,0.00,0.00,1.92,13.44
407,MPS221185498659,2025-09-22,Ground,8,2,13.60,4.50,3.15,3.01,24.26
408,MPS235281400803,2025-09-22,Ground,5,39,25.60,4.50,0.00,5.01,35.11
409,MPS243985905915,2025-09-22,Ground,8,1,13.12,4.50,2.10,2.93,22.65
410,MPS244537651666,2025-09-23,Ground,7,1,12.16,4.50,0.00,2.77,19.43
411,MPS292714521510,2025-09-23,Ground,6,6,13.28,4.50,0.00,2.96,20.74
412,MPS314617934391,2025-09-22,Ground,4,2,9.60,4.50,0.00,2.35,16.45
413,MPS319870273379,2025-09-22,Priority Overnight,3,19,43.82,4.50,0.00,8.04,56.36
414,MPS373843755056,2025-09-22,Ground,5,34,23.68,0.00,0.00,3.94,27.62
415,MPS374925685372,2025-09-23,Ground,4,57,30.72,4.50,0.00,5.86,41.08
416,MPS401063379783,2025-09-22,Ground,3,1,8.16,0.00,0.00,1.36,9.52
417,MPS432849478965,2025-09-22,Ground,4,8,11.84,4.50,2.10,2.72,21.16
418,MPS449123491421,2025-09-22,Express Saver,2,4,13.50,0.00,0.00,2.25,15.75
419,MPS497825305107,2025-09-22,Ground,4,21,16.80,0.00,0.00,2.80,19.60
420,MPS509515150061,2025-09-22,Ground,4,20,16.48,4.50,0.00,3.49,24.47
421,MPS558949343539,2025-09-22,Ground,6,70,40.96,4.50,2.10,7.56,55.12
422,MPS573069314357,2025-09-22,Ground,5,6,12.16,0.00,0.00,2.02,14.18
423,MPS591019015452,2025-09-22,Express Saver,4,5,18.15,0.00,0.00,3.02,21.17
424, MPS670052083614,2025-09-22,Express Saver,6,19,34.20,4.50,0.00,6.44,45.14
425,MPS707886510924,2025-09-22,Ground,5,43,27.36,4.50,0.00,5.30,37.16
426,mps719150120641 ,2025-09-22,Ground,4,12,13.44,0.00,0.00,2.24,15.68
427,MPS725966970738,2025-09-22,Ground,8,18,21.28,0.00,5.25,3.54,30.07
428,MPS814866389503,2025-09-22,Ground,6,6,13.28,4.50,0.00,2.96,20.74
429,MPS900037239778,2025-09-22,Ground,7,7,14.88,4.50,0.00,3.22,22.60
430,MPS908751978644,2025-09-22,Priority Overnight,6,1,30.80,4.50,0.00,5.87,41.17
431,MPS947267490896,2025-09-22,Express Saver,6,1,18.75,4.50,0.00,3.87,27.12
432,MPS959880641609,2025-09-22,Ground,7,26,23.52,4.50,2.10,4.66,34.78
433,MPS999599211114,2025-09-22,Priority Overnight,3,4,26.18,0.00,0.00,4.36,30.54
434,  MPS152852295922 ,2025-09-23,Express Saver,6,65,73.95,4.50,3.15,13.05,94.65
435,MPS161744457990,2025-09-23,Priority Overnight,3,16,40.18,4.50,6.30,7.43,58.41
436,MPS186187755102,2025-09-23,Express Saver,4,3,16.65,4.50,0.00,3.52,24.67
437,MPS242118156957,2025-09-23,Express Saver,6,4,21.30,4.50,0.00,4.29,30.09
438,MPS297992802198,2025-09-23,Priority Overnight,2,17,37.80,4.50,0.00,7.04,49.34
439,MPS305863778507,2025-09-23,Express Saver,4,45,49.65,4.50,0.00,9.01,63.16
440,MPS405332224539,2025-09-23,Ground,6,20,19.36,4.50,0.00,3.97,27.83
441,MPS405385941103,2025-09-24,Express Saver,4,7,19.80,0.00,0.00,3.29,23.09
442,MPS579077798293,2025-09-23,Ground,2,5,8.64,4.50,0.00,2.19,15.33
443,MPS588784561720,2025-09-23,Ground,8,4,14.56,0.00,0.00,2.42,16.98
444,MPS610101891299,2025-09-23,Express Saver,7,32,48.45,4.50,0.00,8.81,61.76
445,MPS635304598248,2025-09-23,Ground,2,1,7.20,4.50,0.00,1.95,13.65
446,MPS661024458060,2025-09-24,Ground,7,13,17.60,4.50,0.00,3.68,25.78
447,MPS681409678570,2025-09-23,Ground,3,2,8.64,4.50,0.00,2.19,15.33
448,MPS708199075300,2025-09-23,Priority Overnight,4,20,48.72,0.00,4.20,8.11,61.03
449,MPS718344195253,2025-09-23,Ground,5,5,11.84,0.00,3.15,1.97,16.96
450,MPS745467903558,2025-09-23,Ground,6,30,23.68,4.50,3.15,4.69,36.02
451,MPS802097082763,2025-09-23,Express Saver,5,5,20.25,4.50,2.10,4.12,30.97
452,MPS898641585076,2025-09-23,Priority Overnight,6,3,33.46,0.00,6.30,5.73,45.49
453,MPS951315177330,2025-09-23,Ground,4,9,12.32,4.50,4.20,2.80,23.82
454,MPS993269236038,2025-09-23,Ground,4,42,24.96,4.50,0.00,4.90,34.36
455,MPS103379330423,2025-09-24,Ground,7,4,13.44,4.50,0.00,2.99,20.93
456,MPS111361179311,2025-09-24,Ground,3,4,9.28,0.00,0.00,1.54,10.82
457,MPS225476112939,2025-09-24,Ground,4,11,12.96,4.50,0.00,2.91,20.37
458,MPS270038286063,2025-09-24,Ground,4,44,25.76,4.50,0.00,5.04,35.30
459,MPS304098118504,2025-09-24,Priority Overnight,3,12,35.56,0.00,2.10,5.92,43.58
460,MPS358084514346,2025-09-25,Ground,6,4,12.48,4.50,0.00,2.83,19.81
461,MPS363964627105,2025-09-24,Ground,4,7,11.52,4.50,0.00,2.67,18.69
462,MPS405389181864,2025-09-25,Ground,5,1,10.24,4.50,3.15,2.45,20.34
463,MPS405710479258,2025-09-24,Ground,6,4,12.48,4.50,0.00,2.83,19.81
464,MPS672376874180,2025-09-08,Ground,6,23,20.64,0.00,0.00,3.47,24.11
465,MPS419534607238,2025-09-24,Ground,6,5,12.96,4.50,5.25,2.91,25.62
466,MPS490282587446,2025-09-24,Ground,7,38,28.96,4.50,5.25,5.57,44.28
467,MPS532441966743,2025-09-24,Priority Overnight,6,5,36.12,0.00,2.10,6.01,44.23
468,MPS571665444304,2025-09-24,Ground,2,7,9.28,0.00,0.00,1.54,10.82
469,MPS583096871550,2025-09-24,Ground,2,1,7.20,0.00,2.10,1.20,10.50
470,MPS621452074781,2025-09-24,Ground,3,4,9.28,4.50,0.00,2.29,16.07
471,MPS626525956556,2025-09-25,Priority Overnight,2,6,25.48,4.50,0.00,4.99,34.97
472,MPS634052876319,2025-09-25,Ground,3,2,8.64,4.50,3.15,2.19,18.48
473,MPS647916869075,2025-09-24,Ground,3,19,14.72,4.50,2.10,3.20,24.52
474,MPS686962344010,2025-09-24,Express Saver,8,2,23.40,4.50,6.30,4.64,38.84
475,MPS689412358934,2025-09-24,Ground,7,3,13.12,4.50,0.00,2.93,20.55
476,MPS711390943131,2025-09-24,Ground,5,8,12.96,0.00,0.00,2.16,15.12
477,MPS722184075961,2025-09-25,Express Saver,5,13,26.85,4.50,3.15,5.22,39.72
478,MPS853770822702,2025-09-24,Ground,6,2,11.52,0.00,0.00,1.92,13.44
479,MPS861563181184,2025-09-24,Ground,5,8,12.96,4.50,0.00,2.91,20.37
480,MPS887537884245,2025-09-24,Ground,8,1,13.12,4.50,6.30,2.93,26.85
481,mps892776667568 ,2025-09-24,Ground,5,5,11.84,0.00,0.00,1.97,13.81
482,MPS640889408195,2025-09-15,Ground,5,19,17.44,0.00,0.00,2.99,20.43
483,MPS899037620977,2025-09-24,Ground,5,10,13.92,4.50,4.20,3.07,25.69
484,MPS921724183177,2025-09-25,Ground,7,7,14.88,0.00,2.10,2.48,19.46
485,MPS974224682644,2025-09-24,Priority Overnight,4,5,30.24,0.00,0.00,5.03,35.27
486,  MPS996903660670 ,2025-09-24,Ground,4,18,15.68,4.50,0.00,3.36,23.54
487,MPS997423847505,2025-09-24,Ground,2,68,29.76,0.00,2.10,4.95,36.81
488,MPS129651781404,2025-09-25,Ground,4,1,9.12,0.00,0.00,1.52,10.64
489,MPS150459160690,2025-09-25,Ground,4,20,16.48,0.00,0.00,2.74,19.22
490,MPS206701726374,2025-09-25,Express Saver,4,5,18.15,4.50,0.00,3.77,26.42
491,MPS220532847436,2025-09-25,Ground,4,50,28.00,4.50,0.00,5.41,37.91
492,MPS368467752550,2025-09-26,Express Saver,6,5,22.20,4.50,0.00,4.44,31.14
493,MPS374627193109,2025-09-25,Ground,3,8,10.72,4.50,0.00,2.53,17.75
494,MPS474114059494,2025-09-25,Express Saver,3,5,16.20,0.00,5.25,2.70,24.15
495,MPS589725443188,2025-09-25,Ground,5,39,25.60,0.00,0.00,4.26,29.86
496,MPS591453749149,2025-09-26,Express Saver,4,45,49.65,4.50,0.00,9.01,63.16
497,MPS619851449364,2025-09-25,Ground,3,26,17.28,4.50,0.00,3.62,25.40
498,MPS655827195356,2025-09-25,Express Saver,8,9,29.85,0.00,3.15,4.97,37.97
499,MPS708708973574 ,2025-09-25,Ground,4,14,14.24,0.00,0.00,2.37,16.61
500,MPS715892621752,2025-09-26,Ground,3,15,13.28,0.00,3.15,2.21,18.64
501,MPS788036541101,2025-09-25,Priority Overnight,4,42,75.88,0.00,0.00,12.63,88.51
502,MPS794760679016,2025-09-25,Ground,5,45,28.16,4.50,0.00,5.43,38.09
503,MPS800921961843,2025-09-25,Ground,2,34,18.24,0.00,0.00,3.04,21.28
504,MPS817002136291,2025-09-25,Ground,4,53,29.12,4.50,2.10,5.59,41.31
505,MPS823610554208,2025-09-25,Ground,6,19,18.88,0.00,6.30,3.14,28.32
506,MPS836848388659,2025-09-25,Ground,4,5,10.72,4.50,0.00,2.53,17.75
507,MPS860028316968,2025-09-25,Ground,8,2,13.60,0.00,0.00,2.26,15.86
508,MPS891261222335,2025-09-25,Priority Overnight,4,2,26.60,4.50,0.00,5.18,36.28
509,MPS899654838288,2025-09-25,Express Saver,4,1,15.00,0.00,6.30,2.50,23.80
510,MPS138859573342,2025-09-26,Ground,4,2,9.60,4.50,2.10,2.35,18.55
511,MPS183706871321,2025-09-26,Ground,3,4,9.28,4.50,0.00,2.29,16.07
512,MPS243087118515,2025-09-26,Ground,4,2,9.60,4.50,3.15,2.35,19.60
513,MPS129651781404,2025-09-25,Ground,4,1,9.12,0.00,0.00,1.52,10.64
514,MPS252707155050,2025-09-26,Ground,8,2,13.60,4.50,5.25,3.01,26.36
515,MPS715892621752,2025-09-26,Ground,3,15,13.28,0.00,3.15,2.21,18.64
516,  MPS259839216897 ,2025-09-26,Ground,3,3,8.96,4.50,0.00,2.24,15.70
517,MPS311254557516,2025-09-26,Ground,3,2,8.64,0.00,0.00,1.44,10.08
518,MPS331206405039,2025-09-29,Ground,5,7,12.64,4.50,2.10,2.85,22.09
519,MPS386750106237,2025-09-26,Ground,8,3,14.08,0.00,6.30,2.34,22.72
520,MPS409190882909,2025-09-26,Express Saver,6,70,79.29,0.00,0.00,13.03,92.32
521,MPS484472736493,2025-09-26,Express Saver,5,11,25.20,4.50,0.00,4.94,34.64
522,MPS518236899092,2025-09-29,Ground,5,12,14.72,0.00,0.00,2.45,17.17
523,MPS531241772744,2025-09-26,Express Saver,3,1,13.20,0.00,6.30,2.20,21.70
524, MPS590570727583,2025-09-26,Priority Overnight,2,45,69.16,4.50,0.00,12.26,85.92
525,MPS606259758338,2025-09-29,Ground,5,4,11.36,4.50,0.00,2.64,18.50
526,MPS632093828218,2025-09-26,Ground,3,18,14.40,0.00,6.30,2.40,23.10
527,MPS634621377376,2025-09-26,Express Saver,5,16,29.25,0.00,2.10,4.87,36.22
528,MPS652125303514,2025-09-26,Ground,7,13,17.60,4.50,0.00,3.68,25.78
529,MPS667331532223,2025-09-26,Ground,4,3,9.92,4.50,0.00,2.40,16.82
530,MPS793036880671,2025-09-26,Express Saver,6,4,21.30,4.50,0.00,4.29,30.09
531,MPS800335303876,2025-09-26,Express Saver,8,20,40.20,0.00,0.00,6.69,46.89
532,MPS809862133557,2025-09-26,Express Saver,6,13,29.10,4.50,0.00,5.59,39.19
533,MPS852964671321,2025-09-26,Express Saver,5,29,40.05,0.00,0.00,6.66,46.71
534,MPS858281516465,2025-09-29,Ground,4,70,35.68,0.00,0.00,5.94,41.62
535, mps875352359338,2025-09-29,Ground,4,37,23.04,4.50,0.00,4.58,32.12
536,MPS916602878401,2025-09-26,Ground,6,5,12.96,0.00,0.00,2.16,15.12
537,MPS220890541705,2025-09-22,Ground,3,23,16.16,0.00,0.00,2.77,18.93
538,MPS978306335020,2025-09-26,Ground,4,30,20.32,4.50,1.05,4.13,30.00
539,MPS990891686331,2025-09-29,Ground,6,4,12.48,0.00,0.00,2.08,14.56
540,MPS993584976498,2025-09-26,Ground,8,15,19.84,0.00,0.00,3.30,23.14
541,MPS258204281720,2025-09-29,Ground,7,15,18.56,4.50,3.15,3.84,30.05
542,MPS392713548809,2025-09-29,Ground,5,1,10.24,0.00,0.00,1.75,11.99
543,MPS461145939938,2025-09-29,Ground,8,32,28.00,4.50,0.00,5.41,37.91
544,MPS114039544774,2025-09-29,Ground,3,4,9.28,4.50,0.00,2.38,16.16
545,MPS124489843237,2025-09-29,Ground,8,70,46.24,4.50,0.00,8.77,59.51
546,  MPS168323720575 ,2025-09-29,Express Saver,5,11,25.20,0.00,0.00,4.35,29.55
547, MPS187227656524,2025-09-29,Express Saver,7,3,22.35,0.00,3.15,3.86,29.36
548,MPS221481199201,2025-09-29,Express Saver,5,4,19.35,4.50,5.25,3.97,33.07
549,MPS971136234789,2025-09-09,Ground,3,70,33.12,4.50,0.00,6.14,43.76
550,MPS227611553868,2025-09-29,Ground,5,13,15.04,4.50,0.00,3.38,22.92
551,MPS323011706220,2025-09-29,Ground,5,8,12.96,4.50,0.00,3.02,20.48
552,MPS359417704364,2025-09-29,Ground,2,5,8.64,0.00,0.00,1.49,10.13
553,MPS449123491421,2025-09-22,Express Saver,2,4,13.50,0.00,0.00,2.25,15.75
554,MPS370133222463,2025-09-29,Ground,3,5,9.60,4.50,0.00,2.44,16.54
555,MPS395897178118,2025-09-29,Ground,4,34,21.92,0.00,0.00,3.79,25.71
556,MPS403028738809,2025-09-29,Ground,4,4,10.40,4.50,0.00,2.57,17.47
557,MPS409666748790,2025-09-29,Ground,3,2,8.64,0.00,0.00,1.49,10.13
558,MPS432335499155,2025-09-29,Priority Overnight,5,7,35.70,0.00,0.00,6.17,41.87
559,MPS436501151786,2025-09-29,Priority Overnight,4,3,27.72,4.50,0.00,5.57,37.79
560, mps478972006147,2025-09-29,Ground,5,4,11.36,4.50,0.00,2.74,18.60
561,MPS515632240898,2025-09-29,Ground,2,3,7.84,0.00,5.25,1.35,14.44
562,MPS522256478672,2025-09-29,Ground,8,2,13.60,4.50,0.00,3.13,21.23
563,MPS546691801244,2025-09-29,Ground,5,11,14.24,4.50,0.00,3.12,21.86
564,MPS596624366945,2025-09-29,Express Saver,6,23,37.65,0.00,0.00,6.51,44.16
565,MPS601806895552,2025-09-29,Ground,8,16,20.32,0.00,0.00,3.51,23.83
566,MPS639826296244,2025-09-29,Ground,6,18,18.56,4.50,6.30,3.98,33.34
567,MPS661336717081,2025-09-30,Ground,5,40,26.08,4.50,0.00,5.28,35.86
568,MPS666858561179,2025-09-29,Ground,6,22,20.16,0.00,0.00,3.48,23.64
569,MPS697913247487,2025-09-29,Ground,3,15,13.28,0.00,0.00,2.29,15.57
570,MPS772497140583,2025-09-29,Ground,2,30,16.96,4.50,5.25,3.71,30.42
571,MPS870031367627,2025-09-29,Express Saver,8,8,28.95,4.50,0.00,5.57,39.02
572,MPS879987247631,2025-09-29,Ground,4,5,10.72,0.00,0.00,1.85,12.57
573,MPS890838387626,2025-09-29,Ground,5,19,17.44,4.50,0.00,3.79,25.73
574,MPS895767349812,2025-09-29,Ground,8,34,28.96,4.50,0.00,5.78,39.24
575,MPS950197691616,2025-09-29,Ground,3,50,25.92,4.50,0.00,5.26,35.68
576,MPS972769501747,2025-09-29,Express Saver,3,5,16.20,4.50,3.15,3.58,27.43
577,MPS976266463402,2025-09-29,Ground,4,40,24.16,0.00,5.25,4.17,33.58
578,MPS110312065706,2025-09-30,Ground,5,53,31.36,4.50,0.00,6.20,42.06
579,MPS149563498316,2025-10-01,Express Saver,6,28,42.00,0.00,0.00,7.26,49.26
580,MPS208370979322,2025-09-30,Ground,4,29,20.00,4.50,0.00,4.23,28.73
581,MPS292248215138,2025-09-30,Express Saver,6,20,35.10,0.00,0.00,6.07,41.17
582,MPS318738821880,2025-09-30,Express Saver,4,18,28.50,4.50,0.00,5.70,38.70
583,MPS401083591544,2025-09-30,Ground,7,5,13.92,4.50,3.15,3.18,24.75
584,MPS188356637799,2025-09-17,Ground,3,35,20.48,0.00,0.00,3.51,23.99
585,MPS423726168416,2025-09-30,Ground,6,6,13.28,0.00,0.00,2.29,15.57
586,MPS508538285688,2025-10-01,Ground,2,20,13.60,0.00,3.15,2.35,19.10
587,MPS514484320586,2025-09-30,Priority Overnight,2,23,44.52,4.50,0.00,8.47,57.49
588,MPS521795868028,2025-09-30,Ground,2,5,8.64,0.00,0.00,1.49,10.13
589,MPS523620488597,2025-09-30,Ground,8,2,13.60,0.00,0.00,2.35,15.95
590,MPS526738859147,2025-09-30,Ground,4,3,9.92,4.50,0.00,2.49,16.91
591,MPS541294294733,2025-09-30,Ground,6,43,29.28,0.00,0.00,5.06,34.34
592,MPS551770487904,2025-09-30,Express Saver,8,11,31.80,0.00,3.15,5.29,40.24
593,MPS557265976890,2025-09-30,Ground,4,3,9.92,4.50,0.00,2.49,16.91
594,MPS436501151786,2025-09-29,Priority Overnight,4,3,27.72,4.50,0.00,5.57,37.79
595,MPS614255387280,2025-09-30,Ground,2,3,7.84,0.00,2.10,1.35,11.29
596,MPS619401225725,2025-09-30,Ground,4,14,14.24,4.50,0.00,3.24,21.98
597,MPS637798384401,2025-09-30,Ground,5,29,21.60,0.00,0.00,3.73,25.33
598,MPS641825660570,2025-09-30,Ground,5,2,10.56,4.50,1.05,2.60,18.71
599,MPS716904148229,2025-09-30,Ground,6,2,11.52,4.50,3.15,2.77,21.94
600,MPS723896900638,2025-10-01,Express Saver,4,4,17.40,4.50,2.10,3.78,27.78
601,MPS732331206896,2025-09-30,Ground,4,2,9.60,4.50,0.00,2.44,16.54
602,MPS752876617033,2025-09-30,Ground,4,5,10.72,4.50,0.00,2.63,17.85
603,MPS846896930833,2025-09-30,Express Saver,6,14,30.00,0.00,3.15,5.18,38.33
604,MPS849035312245,2025-09-30,Ground,4,12,13.44,0.00,4.20,2.32,19.96
605,MPS875339463590,2025-09-30,Ground,5,6,12.16,0.00,4.20,2.10,18.46
606,MPS901580351289,2025-09-30,Priority Overnight,4,19,47.46,0.00,2.10,8.20,57.76
