tracking_number,ship_date,service,dest_postal_code,residential,actual_weight_lb,length_in,width_in,height_in,declared_value_usd,order_id
MPS168323720575,2025-09-29,Express Saver,30836,N,10.3,15,11,6,0.00,BW-217305
MPS282599213073,2025-09-18,Express Saver,53036,N,3.7,9,4,2,0.00,BW-664809
MPS706924503429,2025-09-10,Ground,72352,N,4.1,12,11,8,0.00,BW-415188
MPS401422556312,2025-09-11,Ground,68270-3296,N,9.3,15,14,4,79.00,BW-198580
MPS604714205046,2025-09-10,Ground,45469,Y,3.3,10,8,3,0.00,BW-331056
MPS190391051802,2025-09-18,Ground,43880,Y,14.3,15,11,10,79.00,BW-194186
MPS559932565172,2025-09-02,Express Saver,88976,N,4.3,8,7,4,0.00,BW-581538
MPS189907422422,2025-09-20,Priority Overnight,14814,Y,0.7,11,11,2,250.00,BW-266017
MPS903868455255,2025-09-15,Ground,83675,Y,0.5,11,10,7,0.00,BW-632302
MPS770057946012,2025-09-12,Priority Overnight,45612,N,4.9,10,6,3,0.00,BW-649908
MPS948161641409,2025-09-03,Express Saver,54815,Y,20.2,25,13,10,0.00,BW-475131
MPS613887262843,2025-09-05,Ground,58191,N,58.0,18,18,18,0.00,BW-927809
MPS739557147542,2025-09-15,Express Saver,65467,N,4.7,12,5,4,600.00,BW-316650
MPS401083591544,2025-09-30,Ground,81273-9768,Y,4.9,11,9,3,250.00,BW-888739
MPS825377646290,2025-09-08,Ground,60440,Y,32.0,19,14,12,480.00,BW-456403
MPS484654782157,2025-09-08,Ground,66710,Y,67.3,17,15,10,0.00,BW-867461
MPS635925717610,2025-09-16,Ground,47108,N,1.9,11,4,2,250.00,BW-293495
MPS262257928394,2025-09-08,Express Saver,43186,Y,11.7,13,12,9,300.00,BW-397416
MPS666858561179,2025-09-29,Ground,75936,N,21.3,21,14,9,0.00,BW-498156
MPS474114059494,2025-09-25,Express Saver,47482,N,4.1,6,5,3,480.00,BW-967992
MPS230713483653,2025-09-12,Express Saver,37100,Y,1.9,10,8,6,0.00,BW-945246
MPS718344195253,2025-09-23,Ground,38792,N,4.3,9,8,2,300.00,BW-863676
MPS490282587446,2025-09-24,Ground,82386,Y,37.2,19,16,16,480.00,BW-783196
MPS150199581237,2025-09-11,Ground,71250,Y,4.3,9,7,3,0.00,BW-552622
MPS823610554208,2025-09-25,Ground,58768,N,18.2,15,12,8,600.00,BW-592653
MPS725563963276,2025-09-02,Express Saver,74195,Y,44.7,19,15,13,0.00,BW-141478
MPS314617934391,2025-09-22,Ground,60821,Y,1.8,7,6,3,0.00,BW-347548
MPS850779954409,2025-09-03,Ground,31864,Y,30.6,21,19,14,120.00,BW-223565
MPS445760560313,2025-09-02,Ground,80240,Y,0.5,13,12,4,0.00,BW-548577
MPS149840384954,2025-09-16,Ground,83445,Y,52.4,18,14,11,100.00,BW-985232
MPS980662021825,2025-09-19,Ground,21415,Y,18.4,16,13,9,0.00,BW-477291
MPS647916869075,2025-09-24,Ground,41349,Y,18.5,12,10,7,199.00,BW-768434
MPS432849478965,2025-09-22,Ground,11596,Y,7.8,12,11,11,199.00,BW-412126
MPS108055874341,2025-08-30,Express Saver,15186,Y,3.4,12,11,5,300.00,BW-670462
MPS291668314948,2025-09-17,Express Saver,72890,Y,1.4,12,10,2,49.99,BW-282162
MPS636926480043,2025-09-11,Ground,47825,Y,13.6,13,10,7,100.00,BW-906044
MPS199295297682,2025-09-22,Ground,71667,N,1.1,14,12,2,0.00,BW-317103
MPS997994429180,2025-09-11,Ground,87517,Y,13.7,20,9,6,600.00,BW-138172
MPS707886510924,2025-09-22,Ground,72292-8720,N,42.9,20,13,13,35.00,BW-198479
MPS486247053687,2025-09-11,Express Saver,58377,N,17.1,12,11,9,0.00,BW-711189
MPS432335499155,2025-09-29,Priority Overnight,38797,N,6.5,19,11,8,0.00,BW-195892
MPS326541399445,2025-08-29,Express Saver,66348-3977,N,3.6,14,9,3,0.00,BW-495737
MPS939108004524,2025-09-09,Priority Overnight,66295,Y,0.6,8,5,2,480.00,BW-867670
MPS655827195356,2025-09-25,Express Saver,85173-6665,N,8.6,18,16,6,300.00,BW-814362
MPS562999026622,2025-09-08,Priority Overnight,74342,Y,9.3,19,11,10,0.00,BW-138801
MPS177378446259,2025-09-19,Express Saver,68515,N,16.0,15,9,6,79.00,BW-168529
MPS728177260625,2025-09-12,Ground,81354,N,55.6,21,19,16,0.00,BW-124173
MPS993584976498,2025-09-26,Ground,98304-1674,N,14.1,20,9,8,0.00,BW-481347
MPS719796743756,2025-09-15,Express Saver,45228-4207,Y,28.2,17,12,8,199.00,BW-620567
MPS961441390032,2025-09-05,Ground,99407,N,0.5,10,5,4,0.00,BW-586908
MPS355296453824,2025-09-08,Ground,42085-9726,N,2.3,14,8,8,0.00,BW-539985
MPS904161477845,2025-09-10,Express Saver,23364,N,6.1,14,13,9,49.99,BW-685541
MPS527230029980,2025-09-02,Ground,97179,N,6.1,16,11,5,0.00,BW-585051
MPS604105774510,2025-09-04,Express Saver,58885,Y,20.4,24,13,12,0.00,BW-807264
MPS573069314357,2025-09-22,Ground,64048,N,5.3,20,9,9,0.00,BW-202426
MPS948076136448,2025-09-03,Ground,69158,N,3.7,14,4,2,0.00,BW-375077
MPS745134786142,2025-09-12,Ground,14588,Y,3.3,11,7,7,100.00,BW-396753
MPS873603194446,2025-09-02,Ground,83721-8588,N,0.6,11,11,2,0.00,BW-906504
MPS305863778507,2025-09-23,Express Saver,19899,Y,20.5,26,16,15,100.00,BW-649169
MPS465908795346,2025-09-17,Ground,80051,N,4.2,14,8,8,49.99,BW-508152
MPS988571856359,2025-09-11,Ground,29707-6765,Y,6.2,11,11,7,600.00,BW-886419
MPS688539905614,2025-09-03,Express Saver,27060,Y,20.9,22,17,14,120.00,BW-391269
MPS711390943131,2025-09-24,Ground,71111,N,7.5,19,13,6,0.00,BW-778578
MPS157097185426,2025-09-16,Ground,36921,Y,10.0,14,13,11,300.00,BW-612018
MPS896974947582,2025-09-02,Ground,89527-6804,N,26.0,26,18,10,600.00,BW-438756
MPS790248902401,2025-09-18,Ground,59170,N,13.1,13,11,7,150.00,BW-454549
MPS596624366945,2025-09-29,Ground,73992-7740,N,22.7,16,14,11,0.00,BW-908449
MPS632035552059,2025-09-02,Ground,24154,Y,1.0,11,7,7,150.00,BW-720968
MPS258204281720,2025-09-27,Ground,84440,Y,14.4,19,16,5,250.00,BW-326485
MPS827751877467,2025-09-04,Ground,17678,N,48.6,26,22,13,0.00,BW-644156
MPS596987201926,2025-09-15,Ground,91123-4004,Y,13.5,11,11,10,120.00,BW-249936
MPS766540148740,2025-09-09,Ground,60186,N,6.6,13,12,5,0.00,BW-320747
MPS981551199877,2025-09-12,Ground,49930,Y,16.8,16,9,7,0.00,BW-589287
MPS516952805010,2025-09-16,Ground,33576-6680,N,17.2,18,11,11,0.00,BW-902811
MPS778413943193,2025-09-18,Ground,62122,Y,4.4,14,7,4,150.00,BW-134078
MPS794760679016,2025-09-25,Ground,64777,Y,44.5,19,16,15,0.00,BW-474091
MPS661024458060,2025-09-23,Ground,59181,Y,12.4,14,12,10,0.00,BW-574064
MPS601806895552,2025-09-29,Ground,97552,N,15.1,20,16,6,0.00,BW-464895
MPS793778031968,2025-09-15,Priority Overnight,38844,Y,19.5,12,12,8,300.00,BW-848135
MPS998854165320,2025-09-08,Ground,45849,Y,21.3,21,19,12,600.00,BW-729771
MPS152852295922,2025-09-23,Express Saver,67858,Y,64.1,18,17,16,250.00,BW-263189
MPS332258055467,2025-09-09,Ground,37837,Y,17.4,20,11,11,250.00,BW-137547
MPS957920546225,2025-09-02,Ground,82670,Y,7.1,12,10,9,480.00,BW-443500
MPS221481199201,2025-09-29,Express Saver,71448,Y,3.4,14,11,8,480.00,BW-399982
MPS739557766284,2025-09-18,Ground,60630,Y,2.9,8,8,8,0.00,BW-737158
MPS607799564178,2025-09-04,Ground,73508,Y,5.6,17,10,5,0.00,BW-769647
MPS558949343539,2025-09-22,Ground,67245-9646,Y,69.4,22,17,15,120.00,BW-274885
MPS183706871321,2025-09-26,Ground,42083,Y,3.4,8,6,4,0.00,BW-238700
MPS103379330423,2025-09-24,Ground,82903,Y,4.0,13,8,5,0.00,BW-623532
MPS403906643893,2025-09-19,Express Saver,59576,N,4.1,12,8,6,480.00,BW-634126
MPS595863006753,2025-09-18,Express Saver,44652,Y,14.9,10,10,10,120.00,BW-554751
MPS467268177530,2025-10-03,Ground,12556-6067,N,3.1,8,6,2,79.00,BW-125060
MPS745549729641,2025-08-28,Ground,97800,N,3.9,7,6,5,100.00,BW-458505
MPS267385999509,2025-09-18,Priority Overnight,57481-3552,Y,23.2,16,15,13,0.00,BW-287178
MPS641825660570,2025-09-30,Ground,71483,Y,1.9,8,6,4,100.00,BW-721426
MPS643545489210,2025-09-15,Ground,38383,Y,16.3,15,12,8,250.00,BW-800431
MPS517638167585,2025-09-11,Ground,36580,Y,12.1,14,8,8,300.00,BW-908801
MPS218046621858,2025-09-18,Ground,64517,N,3.2,6,6,2,480.00,BW-438139
MPS419157395153,2025-09-05,Express Saver,47805,N,11.7,13,12,10,0.00,BW-868694
MPS979715340050,2025-09-12,Priority Overnight,53962,Y,1.3,14,8,3,480.00,BW-320881
MPS431631534519,2025-09-18,Ground,73535,N,19.0,12,11,7,35.00,BW-724738
MPS511200774321,2025-09-02,Ground,59015,Y,4.5,8,6,2,100.00,BW-172374
MPS766291478818,2025-09-19,Ground,37174,Y,4.8,7,7,2,0.00,BW-794879
MPS499571286422,2025-09-16,Ground,51026,N,40.5,25,15,10,79.00,BW-493346
MPS836848388659,2025-09-25,Ground,19929,Y,4.2,12,11,8,0.00,BW-383463
MPS619401225725,2025-09-30,Ground,29758,Y,13.1,13,8,7,0.00,BW-672461
MPS841309331350,2025-09-19,Express Saver,23078,Y,18.1,12,12,10,0.00,BW-898330
MPS318738821880,2025-09-30,Express Saver,27405,Y,16.4,14,12,12,49.99,BW-389074
MPS540565564825,2025-09-17,Ground,03884,N,0.3,13,10,5,300.00,BW-230908
MPS816264347062,2025-09-05,Ground,59564-7572,Y,6.2,13,10,6,480.00,BW-424159
MPS634052876319,2025-09-24,Ground,46183-3248,Y,2.0,10,5,2,300.00,BW-994567
MPS809862133557,2025-09-26,Express Saver,76080,Y,12.3,12,11,10,0.00,BW-313815
MPS875352359338,2025-09-26,Ground,37124-6283,Y,36.3,19,17,15,375.00,BW-489288
MPS147064789491,2025-09-17,Ground,57704,N,2.4,11,6,2,480.00,BW-965750
MPS632093828218,2025-09-26,Ground,46275,N,15.2,16,14,11,600.00,BW-982273
MPS331206405039,2025-09-26,Ground,65507,Y,6.4,17,12,8,150.00,BW-227250
MPS512269241816,2025-09-17,Ground,37829-1927,Y,12.2,20,16,5,49.99,BW-995205
MPS243087118515,2025-09-26,Ground,27742-5814,Y,1.2,14,4,4,250.00,BW-335360
MPS508538285688,2025-09-30,Ground,44719,N,19.7,15,12,11,250.00,BW-731121
MPS956452179401,2025-09-08,Ground,38968,N,12.0,14,10,9,0.00,BW-806830
MPS756526526326,2025-09-19,Ground,58815,Y,15.6,19,15,12,199.00,BW-854542
MPS292714521510,2025-09-22,Ground,74621,Y,6.0,18,11,9,35.00,BW-576742
MPS112519757869,2025-09-22,Ground,38985,Y,5.0,12,8,6,375.00,BW-463391
MPS111361179311,2025-09-24,Ground,49368,N,3.8,8,8,3,35.00,BW-808863
MPS734753829502,2025-09-16,Ground,16976-1633,Y,1.5,11,7,6,35.00,BW-933654
MPS102834466733,2025-09-11,Ground,47791,Y,6.8,18,8,8,0.00,BW-509542
MPS409190882909,2025-09-26,Express Saver,79926,N,69.5,28,17,11,0.00,BW-730761
MPS161744457990,2025-09-23,Priority Overnight,25336,Y,15.4,20,10,6,600.00,BW-239872
MPS732331206896,2025-09-30,Ground,13611,Y,1.8,10,6,6,0.00,BW-252300
MPS806906421408,2025-09-03,Express Saver,93674,N,4.2,12,8,5,0.00,BW-267454
MPS698813465567,2025-09-02,Ground,21208,Y,22.6,20,20,15,79.00,BW-311278
MPS401063379783,2025-09-22,Ground,40042-6119,N,0.4,9,6,3,0.00,BW-978006
MPS509515150061,2025-09-22,Ground,37979,Y,19.6,14,13,11,0.00,BW-308377
MPS678215979136,2025-09-04,Ground,65213,N,9.7,12,10,9,0.00,BW-811254
MPS901410351545,2025-09-17,Ground,26470,Y,1.1,6,4,3,79.00,BW-506419
MPS697913247487,2025-09-29,Ground,40610-1569,N,9.5,19,12,9,250.00,BW-140748
MPS788036541101,2025-09-25,Priority Overnight,38597,N,31.2,24,16,15,0.00,BW-455603
MPS553167782309,2025-09-09,Express Saver,58139,N,50.2,20,18,10,0.00,BW-487602
MPS168221207949,2025-09-15,Ground,25996,N,0.3,14,12,7,300.00,BW-518667
MPS984025145957,2025-09-08,Ground,44483,Y,16.7,16,11,5,0.00,BW-275363
MPS461663014064,2025-09-17,Ground,53658,N,68.7,20,20,13,0.00,BW-342636
MPS405385941103,2025-09-23,Express Saver,62007,N,6.4,19,9,7,0.00,BW-742211
MPS303660415078,2025-08-28,Express Saver,73423,Y,13.3,13,11,10,0.00,BW-884197
MPS185782124866,2025-09-16,Ground,25794,Y,3.1,10,6,3,0.00,BW-711223
MPS549612612079,2025-09-15,Ground,44561,Y,13.8,16,11,8,0.00,BW-578216
MPS299195187206,2025-09-03,Ground,30651,Y,17.0,12,9,5,0.00,BW-184306
MPS125631816467,2025-09-10,Ground,83278,Y,18.8,18,11,9,0.00,BW-558962
MPS952214177698,2025-09-03,Ground,66882,N,1.3,11,7,3,0.00,BW-195398
MPS901580351289,2025-09-30,Priority Overnight,10284,N,18.7,14,11,9,199.00,BW-285851
MPS115500104439,2025-09-10,Express Saver,29330,Y,17.6,16,15,12,0.00,BW-789492
MPS689412358934,2025-09-24,Ground,85324,Y,2.7,11,9,2,0.00,BW-636590
MPS432516520625,2025-09-18,Ground,61870,N,5.0,11,9,7,120.00,BW-566410
MPS220532847436,2025-09-25,Ground,16142,Y,49.1,21,17,10,0.00,BW-465708
MPS838981935401,2025-09-02,Ground,84044,N,4.0,12,12,12,0.00,BW-713983
MPS386750106237,2025-09-26,Ground,89471-7207,N,2.6,11,8,5,600.00,BW-551719
MPS559089368136,2025-09-12,Ground,97430,N,25.9,24,19,15,0.00,BW-865379
MPS667331532223,2025-09-26,Ground,21428,Y,2.5,11,10,2,0.00,BW-582246
MPS997423847505,2025-09-24,Ground,43844,N,67.3,24,19,11,150.00,BW-424985
MPS908751978644,2025-09-22,Priority Overnight,57563,Y,0.5,10,5,5,0.00,BW-605677
MPS795598657599,2025-09-15,Express Saver,26145,Y,2.9,8,7,7,250.00,BW-180015
MPS878652300810,2025-09-19,Ground,25010-1400,N,5.5,20,9,5,0.00,BW-803194
MPS576502951429,2025-09-09,Ground,50442,Y,31.1,20,20,9,0.00,BW-204487
MPS907837535975,2025-09-09,Ground,55415,Y,4.4,12,7,2,250.00,BW-262158
MPS168151074973,2025-09-25,Ground,40397,N,3.4,12,8,6,150.00,BW-872434
MPS840968215757,2025-09-05,Ground,22756,N,3.7,8,6,4,0.00,BW-181464
MPS935024103702,2025-09-10,Ground,43956,Y,6.5,16,10,10,0.00,BW-242830
MPS120167252401,2025-09-04,Express Saver,29700-5839,Y,27.4,21,20,13,0.00,BW-210087
MPS920839237292,2025-09-15,Ground,19996,N,3.2,11,6,6,0.00,BW-658958
MPS616751392909,2025-09-16,Express Saver,55547,N,1.4,8,6,5,0.00,BW-642457
MPS743621083453,2025-09-10,Ground,10074,N,16.0,17,11,4,300.00,BW-705954
MPS396336354764,2025-09-17,Ground,73226,N,13.0,20,9,9,250.00,BW-203789
MPS124489843237,2025-09-29,Ground,98585,Y,69.8,21,18,17,0.00,BW-635977
MPS161451564114,2025-09-02,Ground,41274,Y,2.5,12,7,5,0.00,BW-925594
MPS163174839555,2025-09-05,Ground,40823-4359,Y,19.8,14,12,5,0.00,BW-843560
MPS610530294960,2025-09-19,Ground,10644-8500,Y,3.5,13,4,3,0.00,BW-525511
MPS565625771677,2025-09-17,Ground,72199,Y,3.4,8,7,6,480.00,BW-890511
MPS186187755102,2025-09-23,Express Saver,37282,Y,2.1,12,7,4,49.99,BW-580812
MPS263245394472,2025-09-10,Ground,61244,Y,2.9,13,7,6,0.00,BW-550429
MPS546691801244,2025-09-29,Ground,30665-8847,Y,11.0,14,9,7,0.00,BW-554864
MPS893881176816,2025-09-10,Express Saver,94045-9353,N,6.6,20,12,9,0.00,BW-507096
MPS637798384401,2025-09-30,Ground,36688,N,28.6,16,14,12,0.00,BW-860372
MPS514812357773,2025-09-04,Ground,16824,N,11.2,20,16,11,0.00,BW-738638
MPS776525766057,2025-09-10,Express Saver,99218,N,1.4,11,8,5,0.00,BW-888672
MPS481631114118,2025-09-04,Express Saver,52197,N,3.5,13,7,4,600.00,BW-795154
MPS402057761053,2025-09-09,Ground,35904,Y,19.9,16,16,4,0.00,BW-216787
MPS695972797351,2025-09-05,Ground,84288,N,38.5,20,17,16,0.00,BW-308725
MPS140517664809,2025-09-08,Express Saver,58234,Y,2.1,12,10,5,250.00,BW-733526
MPS310511529945,2025-09-09,Ground,56558,Y,16.5,15,12,8,0.00,BW-769168
MPS243228397208,2025-09-05,Ground,29159,Y,3.9,12,11,6,0.00,BW-949478
MPS392713548809,2025-09-27,Ground,30463,N,0.7,8,8,8,0.00,BW-960811
MPS817002136291,2025-09-25,Ground,19769,Y,44.7,24,19,16,150.00,BW-277589
MPS887537884245,2025-09-24,Ground,89200,Y,0.4,14,11,3,600.00,BW-589754
MPS296583361699,2025-09-08,Ground,58664-9423,N,22.7,20,15,14,600.00,BW-772929
MPS187227656524,2025-09-29,Express Saver,81102,N,2.2,13,8,4,250.00,BW-208715
MPS805130518674,2025-10-02,Priority Overnight,84642-8135,Y,14.9,18,15,7,0.00,BW-626707
MPS879987247631,2025-09-29,Ground,38269,N,4.2,10,7,6,0.00,BW-646597
MPS550294607069,2025-09-05,Ground,60303-6178,Y,4.2,10,8,3,0.00,BW-199579
MPS251171544906,2025-09-03,Ground,51002,N,3.3,12,11,2,0.00,BW-158049
MPS706821975882,2025-09-11,Ground,42533,N,45.8,19,17,14,0.00,BW-488440
MPS839019834006,2025-09-04,Ground,59352,Y,42.2,24,16,12,150.00,BW-228891
MPS772497140583,2025-09-29,Ground,45267,Y,29.4,18,15,12,480.00,BW-764930
MPS723896900638,2025-09-30,Express Saver,29824,Y,3.8,6,4,3,199.00,BW-825883
MPS637283084880,2025-09-18,Express Saver,58363-8806,N,38.8,26,15,14,0.00,BW-274553
MPS745246725091,2025-09-17,Ground,57730,N,10.3,10,10,10,100.00,BW-171047
MPS206794349055,2025-09-15,Ground,72990-1420,N,4.5,12,5,2,0.00,BW-737680
MPS531171261777,2025-09-04,Ground,78388,N,15.2,15,11,5,0.00,BW-163628
MPS398213619102,2025-09-11,Priority Overnight,11110,Y,1.9,14,7,5,0.00,BW-338550
MPS835978426840,2025-09-19,Ground,29032,Y,0.6,12,9,6,600.00,BW-463930
MPS621452074781,2025-09-24,Ground,25755,Y,3.2,9,8,6,79.00,BW-865601
MPS528188694133,2025-09-10,Express Saver,82184,Y,15.0,18,12,4,0.00,BW-715269
MPS627197299258,2025-09-02,Ground,25694,Y,34.5,17,15,13,0.00,BW-944541
MPS810252643633,2025-09-10,Ground,85565-2416,Y,0.4,7,7,4,0.00,BW-753095
MPS590570727583,2025-09-26,Priority Overnight,44575-8465,Y,44.8,18,12,12,35.00,BW-692562
MPS619851449364,2025-09-25,Ground,17179-6546,Y,21.4,19,17,11,100.00,BW-187582
MPS604257882726,2025-09-19,Ground,27311,Y,13.4,14,13,6,0.00,BW-523381
MPS719150120641,2025-09-22,Ground,21301,N,12.0,15,11,10,0.00,BW-782878
MPS996903660670,2025-09-24,Ground,29684,Y,17.1,15,10,6,35.00,BW-792156
MPS568496443504,2025-09-18,Ground,97780,N,4.4,12,8,7,100.00,BW-593575
MPS713413673530,2025-09-16,Express Saver,69308,N,4.3,7,6,4,199.00,BW-310170
MPS818467705215,2025-09-09,Ground,08572,N,14.1,14,10,7,0.00,BW-931548
MPS502343674471,2025-09-18,Express Saver,98302,N,0.8,11,10,7,300.00,BW-420430
MPS706657156460,2025-09-19,Ground,22021,N,4.0,13,8,5,0.00,BW-460734
MPS793036880671,2025-09-26,Express Saver,33230,Y,3.8,12,7,3,0.00,BW-881406
MPS374925685372,2025-09-22,Ground,26150-6917,Y,56.1,21,20,16,0.00,BW-705568
MPS201771656942,2025-09-11,Ground,12913,Y,2.8,9,8,7,375.00,BW-146500
MPS438130344634,2025-09-29,Ground,97904,Y,2.6,10,8,7,79.00,BW-488627
MPS323185731979,2025-09-18,Priority Overnight,62183,Y,64.8,21,18,14,0.00,BW-391727
MPS471797776567,2025-09-11,Ground,18472-7278,Y,34.4,23,15,13,0.00,BW-275203
MPS757368023874,2025-09-05,Express Saver,26509,N,7.7,16,11,4,600.00,BW-331834
MPS611418691078,2025-10-01,Ground,53310,N,18.5,13,11,7,35.00,BW-212881
MPS687679347479,2025-09-17,Ground,50946,Y,19.2,14,10,7,79.00,BW-697303
MPS252739406184,2025-09-10,Ground,32796,Y,8.6,12,11,6,0.00,BW-828064
MPS579077798293,2025-09-23,Ground,44279,Y,4.2,10,9,7,49.99,BW-405096
MPS114039544774,2025-09-29,Ground,16509,Y,3.9,13,12,2,100.00,BW-665359
MPS607263928852,2025-08-27,Priority Overnight,39671,N,6.1,14,11,10,480.00,BW-130474
MPS905033492972,2025-09-02,Ground,48100,Y,6.6,12,11,10,49.99,BW-110898
MPS710656523217,2025-09-02,Ground,50671,Y,21.3,24,13,10,0.00,BW-694694
MPS744893751667,2025-09-15,Ground,06229,N,18.1,13,10,4,0.00,BW-277994
MPS788624620600,2025-09-10,Priority Overnight,11512,N,4.9,13,11,2,375.00,BW-394536
MPS750444325741,2025-09-16,Express Saver,58227,Y,1.7,11,11,4,0.00,BW-531421
MPS277557009849,2025-09-03,Ground,31855-8715,N,2.3,13,12,6,35.00,BW-815799
MPS572688548477,2025-09-19,Express Saver,89295,N,17.8,13,12,12,0.00,BW-567583
MPS591019015452,2025-09-22,Express Saver,21679,N,3.3,8,7,4,0.00,BW-690457
MPS595868080659,2025-09-10,Ground,25938,Y,9.4,16,14,4,0.00,BW-433772
MPS799594587051,2025-09-02,Ground,37492,Y,0.4,10,7,2,375.00,BW-631709
MPS551770487904,2025-09-30,Express Saver,88927,N,10.4,15,14,4,300.00,BW-706666
MPS969983806713,2025-09-04,Ground,38743,Y,3.4,11,7,7,0.00,BW-535621
MPS681409678570,2025-09-23,Ground,46371,Y,1.5,8,6,4,0.00,BW-418751
MPS733976279827,2025-09-19,Ground,44443,N,10.0,16,9,9,0.00,BW-472330
MPS179185544723,2025-09-16,Ground,29427,Y,1.6,12,9,4,375.00,BW-696818
MPS870031367627,2025-09-29,Express Saver,98162-5645,Y,7.4,11,8,5,0.00,BW-983411
MPS518236899092,2025-09-26,Ground,31011,N,12.0,12,10,8,0.00,BW-920426
MPS885629629073,2025-09-15,Ground,38729,Y,20.0,13,12,8,480.00,BW-631641
MPS221185498659,2025-09-22,Ground,88984,Y,1.1,13,7,5,250.00,BW-836939
MPS468340850814,2025-09-03,Express Saver,19222,Y,4.0,8,7,7,0.00,BW-314305
MPS972769501747,2025-09-29,Express Saver,19514,Y,4.9,12,12,6,250.00,BW-606735
MPS379191672857,2025-08-28,Ground,87511-6167,N,0.4,9,7,7,300.00,BW-777131
MPS139833113308,2025-09-02,Ground,49454,Y,40.5,24,18,14,35.00,BW-461263
MPS214315933504,2025-09-11,Ground,40593,N,3.5,12,8,7,0.00,BW-652444
MPS846896930833,2025-09-30,Express Saver,73974,N,10.7,16,11,11,250.00,BW-166565
MPS872813050198,2025-09-12,Ground,24535,Y,2.2,11,11,3,100.00,BW-376079
MPS351066782895,2025-09-16,Ground,54427,N,0.5,14,9,4,100.00,BW-723641
MPS104492278394,2025-09-09,Ground,52216,Y,2.6,12,11,2,0.00,BW-356472
MPS652125303514,2025-09-26,Ground,86318,Y,12.6,13,10,9,79.00,BW-295539
MPS858281516465,2025-09-26,Ground,28761-9319,N,69.7,22,19,15,35.00,BW-817026
MPS516050743505,2025-09-02,Ground,97034,Y,3.4,11,6,6,0.00,BW-165697
MPS449123491421,2025-09-22,Express Saver,45362,N,3.3,9,7,6,35.00,BW-162119
MPS515632240898,2025-09-29,Ground,46479,N,2.6,10,7,4,480.00,BW-644645
MPS571665444304,2025-09-24,Ground,43051,N,6.6,13,13,9,79.00,BW-965002
MPS993269236038,2025-09-23,Ground,29581,Y,41.1,23,15,9,0.00,BW-475739
MPS990891686331,2025-09-26,Ground,74001,N,3.8,12,10,5,0.00,BW-733455
MPS332037013356,2025-09-02,Express Saver,93739,Y,11.7,15,12,7,0.00,BW-578348
MPS686970381819,2025-09-17,Ground,67941,Y,28.1,18,18,12,79.00,BW-823231
MPS947267490896,2025-09-22,Express Saver,68385-6125,Y,0.7,9,8,3,79.00,BW-838163
MPS478972006147,2025-09-29,Ground,64021,Y,3.6,12,8,4,0.00,BW-429211
MPS304098118504,2025-09-24,Priority Overnight,18419,N,11.5,17,14,5,150.00,BW-349909
MPS401654973854,2025-09-16,Express Saver,38984,Y,10.2,16,9,9,100.00,BW-455286
MPS584915243713,2025-09-09,Ground,19997,Y,28.7,18,15,15,100.00,BW-416247
MPS348170465693,2025-09-19,Priority Overnight,58370,N,1.5,7,4,3,0.00,BW-640666
MPS852964671321,2025-09-26,Express Saver,52551,N,28.9,24,15,9,0.00,BW-817647
MPS855888038645,2025-09-10,Ground,86106,N,3.6,13,7,7,480.00,BW-718001
MPS242118156957,2025-09-23,Express Saver,67415,Y,3.4,12,7,4,0.00,BW-173948
MPS386245616323,2025-09-03,Ground,50055,N,3.8,13,9,4,0.00,BW-166904
MPS765822801938,2025-09-17,Express Saver,43396,N,4.0,10,8,6,0.00,BW-101604
MPS895181906992,2025-09-10,Priority Overnight,80844-5374,Y,11.2,18,13,6,0.00,BW-362098
MPS673688875425,2025-09-09,Priority Overnight,20774,Y,4.0,13,12,12,375.00,BW-797553
MPS715892621752,2025-09-25,Ground,46719,N,14.8,14,13,4,300.00,BW-357747
MPS517343052266,2025-09-11,Ground,73119-3656,Y,23.3,24,16,9,375.00,BW-569733
MPS570766323908,2025-09-03,Ground,87699-5707,N,16.0,20,11,8,35.00,BW-397306
MPS594514314157,2025-09-03,Express Saver,29553-9911,Y,43.6,17,14,12,0.00,BW-447796
MPS635304598248,2025-09-23,Ground,45074,Y,0.7,11,9,7,0.00,BW-559611
MPS725966970738,2025-09-22,Ground,90832,N,17.7,17,10,7,480.00,BW-676328
MPS716904148229,2025-09-30,Ground,34369,Y,1.7,9,7,2,300.00,BW-308000
MPS814866389503,2025-09-22,Ground,78735,Y,5.6,20,14,5,79.00,BW-524137
MPS873198072594,2025-09-09,Ground,58269,Y,1.0,10,9,6,0.00,BW-715927
MPS434425787529,2025-09-11,Ground,85891,N,2.5,12,9,3,0.00,BW-898398
MPS665587681869,2025-09-17,Ground,19984-3139,N,2.5,9,7,2,49.99,BW-952504
MPS974224682644,2025-09-24,Priority Overnight,53568,N,4.3,7,6,5,0.00,BW-118495
MPS619381261012,2025-09-02,Express Saver,57079,Y,17.3,16,14,5,0.00,BW-398127
MPS532441966743,2025-09-24,Priority Overnight,58801,Y,4.2,11,9,5,150.00,BW-300850
MPS633917295935,2025-09-11,Express Saver,42559-8092,Y,2.7,13,8,2,0.00,BW-991919
MPS347384204200,2025-09-16,Ground,17602,Y,17.3,15,14,5,0.00,BW-888886
MPS947490850661,2025-09-12,Ground,19867,Y,11.8,15,13,10,0.00,BW-333553
MPS598752768052,2025-09-10,Express Saver,51333,N,21.7,16,14,10,0.00,BW-100544
MPS363964627105,2025-09-24,Ground,29629-8885,Y,6.8,14,11,10,0.00,BW-526593
MPS708195485462,2025-09-19,Express Saver,01255,Y,28.5,22,13,8,120.00,BW-373854
MPS585895205125,2025-09-18,Express Saver,59177-9191,N,16.5,13,12,10,0.00,BW-702199
MPS553433639502,2025-09-10,Ground,71019,N,8.7,15,11,6,35.00,BW-779290
MPS183640217081,2025-09-02,Priority Overnight,44780,Y,2.4,12,11,8,0.00,BW-390870
MPS210949588365,2025-09-18,Express Saver,45803,Y,2.2,11,7,3,480.00,BW-984382
MPS113101686721,2025-09-10,Ground,45159,N,19.8,17,14,12,0.00,BW-366200
MPS806151876765,2025-09-08,Ground,46060,Y,20.0,17,9,6,120.00,BW-856132
MPS290153066649,2025-09-09,Ground,87523,Y,4.7,9,6,3,0.00,BW-563692
MPS266278297644,2025-09-10,Ground,46075,Y,64.6,17,16,15,0.00,BW-825018
MPS359417704364,2025-09-29,Ground,45023,N,4.5,11,9,3,0.00,BW-547590
MPS118935398640,2025-09-16,Express Saver,29384,Y,48.6,22,20,12,120.00,BW-319335
MPS298399086334,2025-09-08,Express Saver,73402,Y,10.3,14,12,6,35.00,BW-219226
MPS430327779109,2025-09-12,Ground,31553-1275,N,33.2,19,14,8,49.99,BW-307289
MPS315551083765,2025-09-16,Ground,47873,Y,4.3,13,11,4,100.00,BW-217265
MPS945939894125,2025-09-17,Ground,52358,Y,4.7,11,4,3,49.99,BW-789635
MPS142187492763,2025-09-15,Express Saver,31064,Y,36.0,22,16,15,120.00,BW-882647
MPS894418706084,2025-09-04,Ground,57120-2374,Y,13.0,14,10,7,0.00,BW-326787
MPS260578292439,2025-10-01,Ground,25886,Y,21.0,25,19,12,0.00,BW-871208
MPS280277328951,2025-09-10,Ground,42447-9522,Y,13.8,13,11,10,0.00,BW-306385
MPS250687960064,2025-09-05,Express Saver,83092,Y,23.6,16,15,12,375.00,BW-601570
MPS684870515145,2025-09-17,Ground,22811,Y,1.9,10,8,5,375.00,BW-553886
MPS458382776885,2025-09-03,Ground,68815-5652,N,2.3,12,11,4,0.00,BW-807889
MPS666570837765,2025-08-29,Ground,82312,Y,54.9,19,14,12,35.00,BW-327624
MPS270038286063,2025-09-24,Ground,29691,Y,44.0,23,17,13,0.00,BW-934122
MPS747899538413,2025-09-08,Ground,05624,Y,13.5,16,15,10,49.99,BW-343915
MPS764341058739,2025-09-02,Ground,38427-3858,Y,9.7,15,15,9,0.00,BW-869444
MPS948015203322,2025-09-12,Ground,76027,N,0.9,11,10,7,0.00,BW-830671
MPS983002225904,2025-09-04,Ground,14755,Y,49.9,21,17,14,100.00,BW-286624
MPS403028738809,2025-09-29,Ground,20861,Y,3.8,11,9,5,0.00,BW-346236
MPS236300113415,2025-09-10,Priority Overnight,45158,N,0.4,9,6,3,0.00,BW-476333
MPS951315177330,2025-09-23,Ground,27133,Y,8.3,20,15,4,375.00,BW-314878
MPS427997279759,2025-09-12,Priority Overnight,53354,N,2.5,8,6,5,250.00,BW-125604
MPS154539891150,2025-09-12,Ground,58896,N,1.7,11,4,3,0.00,BW-493382
MPS839483381004,2025-09-19,Ground,66167,N,33.0,18,16,11,250.00,BW-657951
MPS160373237809,2025-09-08,Ground,97768-1989,N,3.2,8,8,7,199.00,BW-903233
MPS211690286312,2025-09-15,Express Saver,75201-4649,Y,3.7,9,8,6,150.00,BW-874758
MPS522308945016,2025-09-11,Ground,27228-5634,Y,0.7,6,5,5,0.00,BW-117281
MPS791113448337,2025-09-18,Ground,57398,N,5.9,16,15,12,0.00,BW-990995
MPS629231060093,2025-09-10,Ground,26674,N,1.7,9,4,2,150.00,BW-995181
MPS195167420858,2025-09-09,Ground,49418,N,1.8,13,8,4,0.00,BW-856032
MPS610101891299,2025-09-23,Express Saver,59544,Y,26.1,24,20,9,0.00,BW-896656
MPS740842698388,2025-09-10,Ground,58601,N,7.3,19,13,7,199.00,BW-296603
MPS472562359455,2025-09-04,Ground,98762,Y,4.8,12,6,6,0.00,BW-509325
MPS436143525752,2025-09-17,Express Saver,05857,N,0.3,8,8,7,0.00,BW-484369
MPS206701726374,2025-09-25,Express Saver,29860,Y,4.1,12,9,4,0.00,BW-218259
MPS815544811101,2025-09-10,Ground,46769,Y,2.0,12,8,6,0.00,BW-121601
MPS847855519861,2025-09-04,Ground,64372,N,41.2,23,16,15,0.00,BW-527650
MPS329736289870,2025-09-18,Ground,30393,Y,5.6,12,12,11,250.00,BW-975949
MPS758917841468,2025-09-03,Ground,27559,N,13.4,17,11,7,199.00,BW-779249
MPS374455722253,2025-09-09,Priority Overnight,49864-7239,Y,1.7,9,5,4,250.00,BW-748737
MPS309666126115,2025-09-08,Ground,49834,Y,10.2,13,11,7,0.00,BW-311063
MPS914848944488,2025-09-11,Express Saver,58783,N,3.9,9,7,7,0.00,BW-762408
MPS491134454182,2025-09-19,Ground,45466,Y,11.4,11,9,8,79.00,BW-866563
MPS219719144366,2025-09-04,Ground,47936,Y,33.0,24,19,16,600.00,BW-985538
MPS752876617033,2025-09-30,Ground,60106,Y,4.7,10,7,6,49.99,BW-801755
MPS853770822702,2025-09-24,Ground,73192,N,1.5,12,6,5,0.00,BW-537588
MPS842380828483,2025-09-05,Express Saver,26214,N,3.6,10,7,6,0.00,BW-630647
MPS429361606701,2025-09-09,Priority Overnight,97079,N,5.9,11,11,8,35.00,BW-155417
MPS722184075961,2025-09-24,Express Saver,30907,Y,12.9,16,9,8,250.00,BW-981189
MPS449521722904,2025-09-16,Ground,29604,N,3.5,10,6,5,199.00,BW-103839
MPS625645232449,2025-09-12,Ground,89787,Y,38.0,19,16,12,35.00,BW-222003
MPS971695537015,2025-09-12,Ground,43731,N,5.8,14,12,8,49.99,BW-212819
MPS891261222335,2025-09-25,Priority Overnight,53375,Y,1.7,6,5,4,0.00,BW-397093
MPS522256478672,2025-09-29,Ground,97198-2992,Y,1.1,14,6,2,35.00,BW-959553
MPS686962344010,2025-09-24,Express Saver,97941-3003,Y,1.3,13,8,7,600.00,BW-644121
MPS499942207324,2025-09-02,Express Saver,66741,N,14.3,17,16,12,0.00,BW-945852
MPS640889408195,2025-09-15,Ground,31842,N,16.0,18,16,9,0.00,BW-459325
MPS852498795389,2025-10-03,Express Saver,84576,Y,4.7,9,9,2,0.00,BW-707787
MPS203175574132,2025-09-10,Ground,19766,N,0.7,11,9,4,0.00,BW-631999
MPS484472736493,2025-09-26,Express Saver,31869-3093,Y,10.5,18,9,7,79.00,BW-826848
MPS617425302892,2025-09-11,Ground,98735-2621,Y,11.0,11,10,7,120.00,BW-997122
MPS255902658458,2025-09-03,Priority Overnight,48643,N,1.1,6,5,4,0.00,BW-982055
MPS536377431848,2025-09-02,Ground,79736,Y,0.8,12,8,7,79.00,BW-761582
MPS458772273920,2025-09-12,Ground,64016,Y,6.2,16,16,9,0.00,BW-963711
MPS298186595043,2025-09-08,Priority Overnight,42771,N,4.0,13,10,8,0.00,BW-204948
MPS805265428032,2025-09-09,Ground,62803,Y,8.7,15,9,9,0.00,BW-971280
MPS900037239778,2025-09-22,Ground,59019,Y,6.8,11,8,5,0.00,BW-316333
MPS405389181864,2025-09-24,Ground,55578,Y,0.8,11,7,6,300.00,BW-214750
MPS158129422038,2025-09-10,Ground,83347,Y,13.4,13,13,7,0.00,BW-209008
MPS652399674731,2025-09-08,Ground,45714,N,18.8,15,10,4,0.00,BW-818101
MPS999599211114,2025-09-22,Priority Overnight,46349,N,3.5,11,11,5,0.00,BW-173712
MPS519367600890,2025-09-05,Express Saver,42334-9825,N,8.9,15,10,8,0.00,BW-869956
MPS916602878401,2025-09-26,Ground,79366,N,5.0,10,7,7,35.00,BW-844403
MPS978306335020,2025-09-26,Ground,28087,Y,30.0,14,12,10,100.00,BW-528442
MPS434041920284,2025-09-09,Priority Overnight,28905,Y,3.7,12,7,7,0.00,BW-366098
MPS516731186487,2025-09-10,Ground,97354,Y,7.4,16,10,7,300.00,BW-550732
MPS849035312245,2025-09-30,Ground,29105,N,11.2,15,11,8,375.00,BW-806144
MPS957588704462,2025-09-12,Ground,15977,Y,64.6,22,16,13,150.00,BW-658415
MPS541294294733,2025-09-30,Ground,74586,N,42.9,21,13,8,49.99,BW-616060
MPS870884204471,2025-09-08,Ground,17761,Y,14.0,13,12,9,0.00,BW-868437
MPS149563498316,2025-09-30,Express Saver,33661,N,26.6,25,17,9,35.00,BW-207779
MPS832378483034,2025-09-08,Express Saver,83759,N,21.2,26,14,8,79.00,BW-258055
MPS986994156497,2025-09-11,Ground,77494-2452,N,29.6,20,16,12,0.00,BW-514384
MPS875339463590,2025-09-30,Ground,64629,N,5.4,11,11,10,375.00,BW-731630
MPS779525921865,2025-09-09,Ground,22246,Y,0.5,9,4,4,35.00,BW-258299
MPS144063675001,2025-09-17,Ground,37737,Y,11.7,18,11,5,0.00,BW-625801
MPS255123227172,2025-09-09,Priority Overnight,25836,N,20.2,20,16,11,0.00,BW-317843
MPS752340230138,2025-09-10,Ground,77133,Y,0.6,7,6,5,375.00,BW-979558
MPS414740019526,2025-09-16,Ground,55662-1013,N,9.1,12,11,4,0.00,BW-563036
MPS131176936020,2025-09-22,Priority Overnight,71200,N,4.2,9,8,6,0.00,BW-463815
MPS110312065706,2025-09-30,Ground,06051,N,46.3,28,20,13,79.00,BW-787254
MPS950197691616,2025-09-29,Ground,16525-4331,Y,49.2,21,19,13,49.99,BW-932626
MPS474715386984,2025-09-17,Ground,57185,Y,37.4,18,17,14,0.00,BW-651018
MPS605918088429,2025-09-15,Ground,84122,Y,3.6,10,6,5,0.00,BW-814246
MPS138859573342,2025-09-26,Ground,29950,Y,1.9,13,9,8,150.00,BW-833168
MPS912402712899,2025-09-02,Express Saver,97262,Y,8.7,14,11,11,0.00,BW-521450
MPS687320282079,2025-09-17,Ground,77193,N,2.0,11,9,5,0.00,BW-351984
MPS705783331231,2025-09-12,Priority Overnight,98904,N,15.1,13,9,8,0.00,BW-483587
MPS368467752550,2025-09-25,Express Saver,58313,Y,4.2,6,6,5,0.00,BW-853207
MPS436501151786,2025-09-29,Priority Overnight,29954,Y,2.5,11,7,7,0.00,BW-827610
MPS606259758338,2025-09-26,Ground,39599,Y,4.0,14,7,6,49.99,BW-185270
MPS746024116904,2025-09-16,Ground,59528,Y,2.8,13,7,2,375.00,BW-117346
MPS797178447044,2025-09-11,Ground,19982,N,18.0,20,16,5,600.00,BW-549986
MPS873045179545,2025-09-15,Ground,47708,Y,1.9,11,5,4,120.00,BW-743822
MPS641877728723,2025-09-02,Ground,82931,N,2.2,14,8,3,600.00,BW-150171
MPS634621377376,2025-09-26,Express Saver,30116,N,12.0,19,16,7,120.00,BW-437155
MPS661336717081,2025-09-29,Ground,31599-5149,Y,33.0,19,18,16,0.00,BW-631035
MPS164840179593,2025-10-02,Priority Overnight,64682,Y,8.3,14,11,10,0.00,BW-754668
MPS416296611734,2025-09-10,Ground,88945,N,10.3,12,11,10,0.00,BW-822467
MPS706055847868,2025-09-16,Ground,11693,Y,30.5,17,17,8,375.00,BW-613670
MPS802097082763,2025-09-23,Express Saver,31348,Y,5.0,6,6,2,120.00,BW-593296
MPS643803317841,2025-09-08,Ground,86441,N,1.7,12,11,4,250.00,BW-274955
MPS210995720254,2025-09-02,Express Saver,64457,Y,19.2,13,11,5,0.00,BW-677411
MPS106418941218,2025-09-04,Priority Overnight,27519,Y,30.5,21,13,9,300.00,BW-953022
MPS761507785173,2025-09-19,Express Saver,58315,Y,8.8,18,12,9,100.00,BW-782057
MPS757168036737,2025-09-05,Express Saver,19847,N,32.2,22,12,9,49.99,BW-473458
MPS150459160690,2025-09-25,Ground,53299,N,20.0,11,10,8,0.00,BW-490172
MPS374627193109,2025-09-25,Ground,16399,Y,7.9,15,11,8,0.00,BW-400958
MPS408306732550,2025-09-19,Express Saver,47991,Y,20.3,23,14,14,0.00,BW-962789
MPS954543316422,2025-09-05,Ground,11563,Y,14.8,16,15,7,0.00,BW-390899
MPS183557796621,2025-09-22,Ground,46085,Y,19.9,16,15,6,0.00,BW-227052
MPS367964546862,2025-10-02,Ground,43291-5372,N,9.4,19,12,11,0.00,BW-766199
MPS252707155050,2025-09-26,Ground,98501,Y,1.8,6,6,4,480.00,BW-921370
MPS192672389933,2025-09-09,Priority Overnight,28822,Y,13.8,14,10,4,0.00,BW-543441
MPS391694790767,2025-09-04,Express Saver,69244,Y,33.4,21,15,11,0.00,BW-730820
MPS275807855638,2025-09-15,Ground,47855,N,38.8,16,15,13,0.00,BW-654105
MPS637337034789,2025-09-08,Ground,79498,Y,3.0,10,7,6,0.00,BW-596972
MPS391308979344,2025-09-04,Ground,58031,Y,40.7,17,13,11,0.00,BW-632928
MPS405332224539,2025-09-23,Ground,78392,Y,19.8,16,13,4,100.00,BW-969494
MPS612320245030,2025-09-08,Express Saver,78405,N,9.2,15,10,9,35.00,BW-657434
MPS463372717456,2025-09-02,Ground,86231,Y,19.5,16,11,5,300.00,BW-867030
MPS109680179586,2025-09-04,Ground,19715-3098,Y,25.3,18,14,12,150.00,BW-534942
MPS323011706220,2025-09-29,Ground,31948,Y,8.0,13,12,9,0.00,BW-132881
MPS202199103729,2025-09-08,Ground,53848,Y,15.8,14,12,8,0.00,BW-350096
MPS358084514346,2025-09-24,Ground,76511,Y,3.3,12,8,5,0.00,BW-159482
MPS338427913099,2025-09-03,Ground,89032-2209,Y,18.9,14,12,12,0.00,BW-444268
MPS663672199225,2025-09-18,Ground,37148,Y,23.8,16,13,11,0.00,BW-495207
MPS614255387280,2025-09-30,Ground,45716,N,2.1,14,7,4,120.00,BW-129329
MPS301202660226,2025-09-11,Ground,72055,Y,8.1,16,12,9,0.00,BW-751454
MPS709204187994,2025-09-11,Ground,97232-5584,Y,67.0,24,16,12,0.00,BW-987356
MPS554481249998,2025-09-17,Ground,18032,Y,2.2,7,5,4,0.00,BW-784067
MPS408174817321,2025-09-02,Ground,38752,N,1.0,10,8,3,0.00,BW-587763
MPS480188841612,2025-09-03,Ground,49916,N,6.3,15,11,4,100.00,BW-608134
MPS629514235296,2025-09-02,Ground,55697,N,18.9,15,14,6,375.00,BW-287911
MPS927790932187,2025-09-05,Ground,98360-7203,Y,1.7,12,11,2,250.00,BW-963192
MPS340981889607,2025-09-04,Ground,44405,Y,40.2,14,13,13,300.00,BW-605927
MPS531241772744,2025-09-26,Express Saver,16921,N,0.5,12,11,6,600.00,BW-144255
MPS862665161250,2025-09-16,Express Saver,44654,N,1.8,10,8,6,0.00,BW-151320
MPS589725443188,2025-09-25,Ground,39764,N,38.2,17,13,11,100.00,BW-466467
MPS521795868028,2025-09-30,Ground,44520,N,4.3,11,5,4,0.00,BW-359014
MPS129651781404,2025-09-25,Ground,61396-7090,N,0.5,11,7,7,0.00,BW-631550
MPS497825305107,2025-09-22,Ground,24742,N,6.8,20,13,11,0.00,BW-282501
MPS800335303876,2025-09-26,Express Saver,92337,N,19.4,19,16,9,0.00,BW-695529
MPS958998402981,2025-09-03,Ground,92829,Y,2.4,6,6,2,120.00,BW-454643
MPS848705446457,2025-09-12,Express Saver,48821,N,5.9,16,16,8,300.00,BW-784178
MPS208370979322,2025-09-30,Ground,28733,Y,25.1,23,17,10,0.00,BW-897300
MPS206559538195,2025-09-17,Ground,19929,Y,17.0,15,11,7,0.00,BW-700490
MPS543112010135,2025-09-15,Ground,01466,Y,5.0,10,8,6,600.00,BW-880570
MPS329935490630,2025-09-16,Express Saver,19701,N,4.9,13,5,5,375.00,BW-363146
MPS854854189552,2025-09-16,Express Saver,74967,Y,4.1,10,9,5,0.00,BW-960985
MPS373843755056,2025-09-22,Ground,06759,N,28.2,24,15,13,35.00,BW-840732
MPS824096778239,2025-09-08,Ground,68068,N,3.3,13,11,2,150.00,BW-412863
MPS590692084330,2025-09-05,Express Saver,43586,N,0.4,9,4,2,250.00,BW-541722
MPS745467903558,2025-09-23,Ground,67538,Y,29.7,16,15,13,250.00,BW-193604
MPS227611553868,2025-09-29,Ground,52502-1035,Y,12.6,16,13,5,0.00,BW-507909
MPS429027683223,2025-09-09,Express Saver,89145,N,9.1,16,13,8,199.00,BW-293516
MPS561674397458,2025-09-08,Ground,37729,Y,13.9,18,12,11,79.00,BW-659502
MPS220411827503,2025-09-12,Priority Overnight,84409,Y,29.5,24,19,12,0.00,BW-935314
MPS508991006309,2025-09-16,Ground,80443,N,0.5,10,7,5,49.99,BW-872415
MPS395897178118,2025-09-29,Ground,29341,Y,33.2,19,14,13,100.00,BW-964142
MPS261942578397,2025-09-10,Ground,27537,N,64.9,21,20,12,0.00,BW-515486
MPS896703831776,2025-09-11,Ground,58691,N,0.4,7,6,6,480.00,BW-763887
MPS259839216897,2025-09-26,Ground,40701,Y,3.0,8,7,6,79.00,BW-766650
MPS510048281535,2025-09-17,Express Saver,45046,N,3.0,9,8,6,0.00,BW-610122
MPS978129621474,2025-09-12,Ground,91323-9597,N,16.6,19,14,4,0.00,BW-796786
MPS756699258653,2025-09-02,Express Saver,97355,N,2.4,11,8,6,0.00,BW-311247
MPS211066319139,2025-09-04,Ground,43630,Y,15.5,19,14,5,0.00,BW-977004
MPS583096871550,2025-09-24,Ground,43398,N,0.3,9,7,6,150.00,BW-765368
MPS247101573806,2025-10-01,Express Saver,35537,Y,11.5,10,10,7,0.00,BW-261361
MPS372275082631,2025-09-05,Ground,53083,Y,18.8,13,11,5,0.00,BW-264496
MPS899654838288,2025-09-25,Express Saver,29348,N,0.4,12,8,3,600.00,BW-558719
MPS892776667568,2025-09-24,Ground,08393,N,4.9,9,9,8,0.00,BW-984502
MPS759450997023,2025-09-18,Ground,66704,Y,8.4,15,14,6,120.00,BW-591444
MPS970661688599,2025-09-16,Ground,13948,N,3.1,11,5,3,0.00,BW-145404
MPS161358597055,2025-09-17,Express Saver,16331,Y,19.3,13,12,11,0.00,BW-112164
MPS860028316968,2025-09-25,Ground,97739,N,1.7,8,5,5,0.00,BW-157062
MPS338908313282,2025-09-11,Express Saver,53569,Y,7.1,14,14,12,375.00,BW-668309
MPS561076031857,2025-09-02,Ground,68931,N,7.0,20,10,6,480.00,BW-161403
MPS821077745752,2025-09-09,Express Saver,26154,N,4.1,11,8,7,0.00,BW-363510
MPS323432061305,2025-09-19,Priority Overnight,63168,Y,23.7,19,16,10,0.00,BW-771136
MPS461145939938,2025-09-27,Ground,93465-6493,Y,26.4,20,17,13,0.00,BW-581415
MPS341197820775,2025-09-02,Ground,13552,N,40.3,26,13,12,0.00,BW-530357
MPS231585221258,2025-09-16,Ground,54861,N,4.2,12,9,2,35.00,BW-791019
MPS188939592495,2025-09-05,Priority Overnight,99402,Y,4.2,9,9,8,375.00,BW-744037
MPS943790006365,2025-09-10,Express Saver,06798,N,18.3,16,14,10,0.00,BW-399626
MPS269060657863,2025-09-16,Ground,72581-2066,N,38.6,16,15,12,0.00,BW-199474
MPS657330094172,2025-09-04,Ground,19857-8701,Y,20.0,15,14,5,199.00,BW-954379
MPS125964414749,2025-09-16,Ground,48290,Y,8.9,12,11,9,0.00,BW-499944
MPS823147739448,2025-09-03,Ground,34685,Y,9.7,14,9,4,100.00,BW-515969
MPS610864176720,2025-09-24,Ground,27026,N,2.6,11,8,7,100.00,BW-680722
MPS504866457923,2025-09-16,Priority Overnight,76531,Y,29.2,23,18,10,0.00,BW-434397
MPS873892110731,2025-09-17,Ground,82728,Y,7.4,16,13,12,120.00,BW-372361
MPS626525956556,2025-09-24,Priority Overnight,45542,Y,5.6,13,11,5,79.00,BW-330653
MPS146170452005,2025-09-12,Ground,29340,N,14.6,18,8,6,79.00,BW-443113
MPS611549386921,2025-08-27,Ground,41792,Y,0.5,12,6,5,0.00,BW-747895
MPS151308271845,2025-09-16,Ground,54508,Y,42.0,17,14,14,79.00,BW-739110
MPS959880641609,2025-09-22,Ground,85067,Y,18.4,20,16,11,120.00,BW-980537
MPS908885605833,2025-09-11,Ground,56118-9404,N,3.5,10,6,4,0.00,BW-686452
MPS921724183177,2025-09-24,Ground,87245,N,6.2,18,11,8,150.00,BW-617497
MPS243985905915,2025-09-22,Ground,97892,Y,0.9,10,8,4,199.00,BW-461154
MPS758970500004,2025-09-09,Ground,43985,N,3.0,12,10,5,120.00,BW-963627
MPS868443433246,2025-09-03,Ground,45236,Y,3.0,10,8,5,100.00,BW-830286
MPS387236022355,2025-09-10,Ground,74584-6612,Y,6.1,18,11,10,0.00,BW-168843
MPS159646259338,2025-09-11,Express Saver,91587,Y,3.2,11,4,4,35.00,BW-929778
MPS405710479258,2025-09-24,Ground,57558-9269,N,3.8,10,9,7,79.00,BW-646133
MPS419534607238,2025-09-24,Ground,67413,Y,4.1,10,7,5,480.00,BW-809693
MPS409143315630,2025-09-02,Ground,42216,Y,5.6,18,11,10,0.00,BW-555694
MPS861563181184,2025-09-24,Ground,30716,Y,7.2,15,9,8,35.00,BW-230359
MPS316144801861,2025-09-05,Express Saver,45884-3183,N,0.3,11,6,2,0.00,BW-296844
MPS222852697742,2025-09-08,Ground,68206-7098,Y,19.3,16,11,10,600.00,BW-254205
MPS225476112939,2025-09-24,Ground,60259,Y,10.9,17,9,8,0.00,BW-372628
MPS228712770074,2025-09-10,Express Saver,97201,N,3.7,7,7,4,0.00,BW-674530
MPS220890541705,2025-09-19,Ground,42728,N,22.2,17,14,8,0.00,BW-207035
MPS292248215138,2025-09-30,Express Saver,74355,N,17.3,19,14,10,0.00,BW-804696
MPS165286553604,2025-09-19,Ground,54562,N,1.8,11,9,6,0.00,BW-407454
MPS504590186001,2025-09-05,Ground,36094,N,39.0,16,15,14,250.00,BW-484923
MPS884985760007,2025-09-11,Priority Overnight,36882,Y,4.0,13,12,12,0.00,BW-945094
MPS480428236940,2025-09-18,Ground,57112,Y,2.9,14,7,2,35.00,BW-257246
MPS360486354742,2025-09-18,Ground,47381,N,1.1,13,9,7,0.00,BW-544590
MPS297992802198,2025-09-23,Priority Overnight,44627,Y,16.2,10,10,6,0.00,BW-518491
MPS247870376305,2025-09-08,Ground,34338,Y,1.3,10,5,2,600.00,BW-521401
MPS557265976890,2025-09-30,Ground,61942,Y,2.3,11,8,2,49.99,BW-259272
MPS311254557516,2025-09-26,Ground,40065,Y,1.3,12,8,5,0.00,BW-869092
MPS117523224107,2025-09-18,Ground,11914,N,0.4,12,8,8,0.00,BW-160049
MPS686241640984,2025-09-12,Express Saver,84609,Y,24.9,26,19,12,375.00,BW-838751
MPS478620899253,2025-09-10,Ground,88225,N,2.5,10,9,5,79.00,BW-728745
MPS140158321778,2025-09-03,Express Saver,98586,Y,3.0,13,8,5,480.00,BW-167732
MPS294119431973,2025-09-09,Ground,29542,N,4.8,13,9,3,0.00,BW-483123
MPS708199075300,2025-09-23,Priority Overnight,28313,N,19.9,12,9,8,375.00,BW-149641
MPS930951753102,2025-09-09,Ground,98395,Y,20.6,24,20,10,0.00,BW-676770
MPS188356637799,2025-09-17,Ground,44853,N,34.2,22,20,10,0.00,BW-128091
MPS132392840010,2025-09-18,Ground,61026,Y,3.8,8,4,3,480.00,BW-624435
MPS598443407098,2025-08-29,Ground,80000,Y,2.6,13,4,2,0.00,BW-499424
MPS370133222463,2025-09-29,Ground,17141,Y,5.0,13,4,4,0.00,BW-457054
MPS898641585076,2025-09-23,Priority Overnight,73310,N,2.2,6,5,5,600.00,BW-121044
MPS733352381709,2025-09-09,Ground,38724,Y,23.1,20,17,8,35.00,BW-258627
MPS718084723365,2025-09-11,Express Saver,48528,N,70.0,22,17,16,0.00,BW-465795
MPS895767349812,2025-09-29,Ground,91387,Y,33.5,22,14,9,0.00,BW-115606
MPS972710263313,2025-09-16,Ground,15418-2410,Y,5.1,16,11,4,199.00,BW-882731
MPS503149710805,2025-10-03,Express Saver,66826,Y,3.5,13,7,5,0.00,BW-637781
MPS971136234789,2025-09-08,Ground,47633,Y,69.6,16,12,8,0.00,BW-523729
MPS669430541989,2025-08-30,Express Saver,73365,Y,8.1,20,8,5,0.00,BW-542096
MPS683301297219,2025-09-08,Ground,50377-1695,N,4.0,11,6,5,250.00,BW-522352
MPS648395318932,2025-09-04,Ground,15295,N,0.3,14,7,6,79.00,BW-830090
MPS670052083614,2025-09-22,Express Saver,73867,Y,18.8,17,13,5,0.00,BW-572211
MPS280156363786,2025-09-15,Express Saver,72821,N,26.3,14,14,12,0.00,BW-893291
MPS900936650081,2025-09-16,Express Saver,57666,N,0.4,8,7,5,250.00,BW-377770
MPS523620488597,2025-09-30,Ground,90484,N,1.1,13,10,5,0.00,BW-151723
MPS685340901400,2025-09-10,Ground,47767,Y,1.8,13,11,7,199.00,BW-239023
MPS797378639633,2025-09-11,Ground,18230,Y,3.7,11,8,7,120.00,BW-468394
MPS265657516246,2025-09-02,Ground,61791-2232,Y,3.5,8,6,2,0.00,BW-520290
MPS976266463402,2025-09-29,Ground,14952-7151,N,39.6,17,15,11,480.00,BW-453619
MPS514484320586,2025-09-30,Priority Overnight,44205,Y,22.8,23,13,10,0.00,BW-816791
MPS423726168416,2025-09-30,Ground,69141,N,5.9,11,8,7,0.00,BW-527505
MPS159946782897,2025-10-01,Ground,09328,Y,1.1,11,10,6,0.00,BW-299721
MPS875877990892,2025-09-16,Express Saver,35252,Y,18.3,12,12,11,600.00,BW-628052
MPS784911750576,2025-09-05,Ground,68320,Y,5.8,13,12,4,480.00,BW-640308
MPS462408924784,2025-09-17,Ground,71288,Y,2.2,10,5,3,100.00,BW-116505
MPS899037620977,2025-09-24,Ground,70288-4076,Y,9.5,15,13,4,375.00,BW-959704
MPS537398188113,2025-09-17,Ground,43665-6977,Y,11.7,13,11,7,300.00,BW-672360
MPS532547732516,2025-09-17,Ground,44246,Y,3.9,10,7,2,0.00,BW-385859
MPS850674287060,2025-09-16,Ground,89833,Y,3.3,11,7,2,0.00,BW-406363
MPS719695386147,2025-09-05,Express Saver,07787,N,5.0,12,11,4,600.00,BW-629384
MPS112882026878,2025-09-08,Ground,18279,Y,5.3,16,15,11,150.00,BW-436400
MPS526738859147,2025-09-30,Ground,14911-7023,Y,2.6,13,6,6,0.00,BW-728498
MPS639826296244,2025-09-29,Ground,76909,Y,17.5,15,12,10,600.00,BW-111946
MPS202442385150,2025-09-16,Ground,70517-6630,Y,68.1,19,18,14,0.00,BW-950234
MPS872285741262,2025-09-17,Ground,47065-9475,N,2.2,8,8,2,0.00,BW-672957
MPS773438231024,2025-09-16,Priority Overnight,17203,Y,9.6,10,10,4,375.00,BW-550160
MPS900518981793,2025-09-12,Priority Overnight,93848-5357,N,4.5,9,6,5,35.00,BW-408712
MPS409666748790,2025-09-29,Ground,25792-9832,N,1.2,10,8,5,0.00,BW-428815
MPS649655095955,2025-09-16,Ground,55603-1184,Y,17.2,15,13,10,0.00,BW-878392
MPS485231931841,2025-09-09,Ground,73796-7164,Y,1.7,12,11,4,480.00,BW-536626
MPS197673051148,2025-09-05,Ground,45919,Y,16.1,17,11,9,150.00,BW-409972
MPS758303675765,2025-08-30,Express Saver,17470,Y,0.9,10,9,2,120.00,BW-716374
MPS279050031125,2025-09-19,Ground,37634-4340,N,29.9,16,16,9,199.00,BW-953011
MPS745709019856,2025-08-27,Ground,89288-3367,Y,4.8,12,11,3,199.00,BW-314448
MPS235281400803,2025-09-22,Ground,71903,Y,24.4,23,18,13,35.00,BW-250758
MPS836098603543,2025-09-16,Priority Overnight,74695-2610,N,0.3,11,11,2,199.00,BW-374331
MPS288455188237,2025-09-11,Priority Overnight,34279-5044,Y,2.2,10,9,3,0.00,BW-395637
MPS191497839854,2025-09-02,Express Saver,84104-7297,Y,0.6,13,11,6,375.00,BW-539926
MPS493874533620,2025-09-03,Express Saver,79497,Y,18.4,15,14,6,120.00,BW-859495
MPS319870273379,2025-09-22,Priority Overnight,42273,Y,18.4,16,12,5,0.00,BW-185303
MPS221978347967,2025-09-18,Ground,44452,Y,21.1,20,17,13,0.00,BW-286672
MPS931413704365,2025-09-10,Ground,50904,Y,44.4,17,16,15,0.00,BW-852492
MPS890838387626,2025-09-29,Ground,72346,Y,18.7,16,12,5,0.00,BW-265922
MPS426895816531,2025-09-09,Ground,29194-3125,Y,3.8,13,10,6,0.00,BW-295416
MPS591453749149,2025-09-25,Express Saver,19737-1944,Y,44.7,22,16,14,0.00,BW-565148
MPS588784561720,2025-09-23,Ground,88905,N,3.9,11,10,5,0.00,BW-441503
MPS708708973574,2025-09-25,Ground,21224-2833,N,7.5,19,10,10,0.00,BW-517407
MPS800921961843,2025-09-25,Ground,45421,N,34.0,21,17,11,0.00,BW-637093
MPS484808253854,2025-09-16,Express Saver,44566,N,0.4,8,6,2,79.00,BW-728620
MPS234931697104,2025-09-17,Ground,69308-6538,N,11.7,19,13,7,150.00,BW-928236
MPS690755653380,2025-09-19,Ground,48142-5287,Y,0.8,11,8,6,480.00,BW-455778
MPS152801788069,2025-09-19,Ground,41447-4375,Y,4.0,12,12,12,0.00,BW-523243
MPS659074314177,2025-09-05,Express Saver,57606,Y,2.9,11,10,3,49.99,BW-506457
MPS244537651666,2025-09-22,Ground,82548,Y,0.6,10,5,2,0.00,BW-354944
